trip_id,departure,destination,duree
OCESN003100F140147152,Le Havre,Paris-St-Lazare,138
OCESN003190F040047309,Dieppe,Paris-St-Lazare,145
OCESN003198F030037315,Paris-St-Lazare,Rouen-Rive-Droite,97
OCESN003300F030037323,Cherbourg,Paris-St-Lazare,194
OCESN003313F380387526,Caen,Paris-St-Lazare,149
OCESN003371F080087908,Paris-St-Lazare,Trouville-Deauville,147
OCESN003410F120128075,Granville,Paris-Montp.3-Vaug.,201
OCESN003460F010018083,Granville,Paris-Montparnasse 1-2,195
OCESN003463F030038093,Dreux,Granville,142
OCESN003903F030038704,Bourges,Paris-Austerlitz,122
OCESN003903F040048703,Paris-Austerlitz,Vierzon,101
OCESN003917F090098744,Bourges,Paris-Bercy,131
OCESN003917F130138743,Nevers,Paris-Austerlitz,177
OCESN003933F010018761,Bourges,Nevers,38
OCESN005900F0500510094,Nevers,Paris-Bercy,154
OCESN005905F4304310108,Nevers,Paris-Gare-de-Lyon,146
OCESN013272F09009-1367954595,Argentan,Paris-Montp.3-Vaug.,121
OCESN014030F0900915588,Orléans,Paris-Austerlitz,75
OCESN014033F0700715600,Paris-Austerlitz,Tours,131
OCESN014033F0900915597,Orléans,Tours,72
OCESN014035F0800815607,Aubrais-(les),Paris-Austerlitz,71
OCESN014041F1201215628,Paris-Bercy,Tours,146
OCESN014043F1801815630,Orléans,Paris-Bercy,84
OCESN014081F2102115781,Paris-Austerlitz,St-Pierre-des-Corps,118
OCESN016350F0100115870,Calais Ville,Paris Gare du Nord,183
OCESN016372F0100115902,Boulogne Ville,Paris Gare du Nord,145
OCESN016380F0100115910,Amiens,Calais Ville,107
OCESN016380F0300315908,Boulogne Ville,Calais Ville,28
OCESN016442F0100115983,Amiens,Boulogne Ville,75
OCESN016444F0500515989,Amiens,Paris Gare du Nord,74
OCESN016450F0100115993,Cambrai Ville,Paris Gare du Nord,155
OCESN016451F0100115996,Maubeuge,Paris Gare du Nord,119
OCESN016453F0400416001,Paris Gare du Nord,St Quentin,100
OCESN016468F0200216048,Compiègne,Maubeuge,80
OCESN016514F0900916097,Argentan,Dreux,69
OCESN016550F0200216123,Caen,Le Mans,111
OCESN016550F0400416121,Caen,Tours,182
OCESN016750F0900916155,Le Mans,Paris-Montparnasse 1-2,135
OCESN016765F1401416187,Nogent-le-Rotrou,Paris-Montparnasse 1-2,102
OCESN016766F1801816197,Chartres,Paris-Montparnasse 1-2,70
OCESN016782F1501516255,Chartres,Le Mans,70
OCESN016812F1601616283,Blois-Chambord,Tours,38
OCESN016840F1201216363,Lyon-Perrache,Tours,366
OCESN016840F1601616364,Lyon-Perrache,Nevers,211
OCESN017301F0200216375,Latour-de-Carol-Enveitg,Villefranche-Vernet-l.B,174
OCESN017303F0200216376,Font-Romeu-Odeillo-Via,Villefranche-Vernet-l.B,88
OCESN017350F0300316385,Briançon,Romans-Bourg-de-Péage,241
OCESN017352F0800816391,Briançon,Veynes-Dévoluy,97
OCESN017354F0200216399,Romans-Bourg-de-Péage,Veynes-Dévoluy,153
OCESN017369F0700716416,Gap,Romans-Bourg-de-Péage,172
OCESN017369F1001016420,Briançon,Gap,75
OCESN017370F0200216422,Briançon,Valence-Ville,247
OCESN017402F2102116431,Briançon,Marseille-St-Charles,302
OCESN017408F1001016439,Gap,Marseille-St-Charles,216
OCESN017421F2402416443,Aix-en-Provence,Marseille-St-Charles,50
OCESN017473F0300316464,Marseille-St-Charles,Nice-Ville,159
OCESN017473F0400416463,Les Arcs-Draguignan,Marseille-St-Charles,83
OCESN017500F0200216492,Grenoble,Valence-Ville,74
OCESN017503F0300316493,Chambéry-Chal.-les-Eaux,Valence-Ville,125
OCESN017506F0700716496,Annecy,Valence-Ville,181
OCESN017516F0500516499,Annecy,Chambéry-Chal.-les-Eaux,53
OCESN017532F0900916508,Annecy,Avignon-Centre,277
OCESN017544F0800816517,Annecy,Grenoble,103
OCESN017600F0300316547,Grenoble,Lyon-Part-Dieu,82
OCESN017702F1301316607,Avignon-Centre,Lyon-Part-Dieu,141
OCESN017704F2702716611,Lyon-Part-Dieu,Marseille-St-Charles,246
OCESN017714F1501516644,Avignon-Centre,Marseille-St-Charles,78
OCESN017750F1401416694,Dijon-Ville,Paris-Bercy,171
OCESN017750F2702716692,Dijon-Ville,Paris-Gare-de-Lyon,170
OCESN017751F0800816699,Lyon-Part-Dieu,Sens,262
OCESN017753F1901916708,Lyon-Part-Dieu,Paris-Bercy,308
OCESN017753F4304316713,Dijon-Ville,Lyon-Part-Dieu,124
OCESN017753F4804816704,Lyon-Part-Dieu,Paris-Gare-de-Lyon,309
OCESN017754F2002016721,Mâcon-Ville,Paris-Bercy,262
OCESN017754F2602616715,Dijon-Ville,Mâcon-Ville,74
OCESN017754F4004016716,Mâcon-Ville,Paris-Gare-de-Lyon,263
OCESN017774F1301316842,Lyon-Perrache,Paris-Bercy,324
OCESN017775F2502516851,Dijon-Ville,Lyon-Perrache,137
OCESN017775F2902916854,Lyon-Perrache,Paris-Gare-de-Lyon,323
OCESN017972F0600616926,Bourg-St-Maurice,Lyon-Part-Dieu,217
OCESN017974F0300316929,Bourg-St-Maurice,Bourgoin-Jallieu,188
OCESN017974F0600616927,Albertville,Bourgoin-Jallieu,119
OCESN018000F0100116931,Chambéry-Chal.-les-Eaux,Lyon-Part-Dieu,80
OCESN018024F0100116954,Bourgoin-Jallieu,Chambéry-Chal.-les-Eaux,55
OCESN018101F0200216959,La Chaux-de-Fonds,Morteau,29
OCESN018108F0200216966,Besançon-Viotte,La Chaux-de-Fonds,118
OCESN018108F0600616967,Besançon-Mouillère,La Chaux-de-Fonds,112
OCESN018120F0200216981,Pontarlier,Vallorbe-Cff,33
OCESN018122F0200216982,Frasne,Neuchâtel,60
OCESN018124F0300316985,Neuchâtel,Travers,22
OCESN018130F0100116991,Dole-Ville,Vallorbe-Cff,63
OCESN018131F0200216992,Frasne,Vallorbe-Cff,17
OCESN018160F0200216999,Delémont,Meroux,69
OCESN018160F0300316998,Delle,Delémont,52
OCESN018163F0300317001,Biel,Meroux,99
OCESN018163F0400417000,Biel,Delle,82
OCESN018518F0100117063,Lyon-Part-Dieu,Modane,182
OCESN018520F0100117065,Aix-les-Bains-le-Revard,Lyon-Part-Dieu,78
OCESN018901F0100117119,St-Gervais-L-B-Le-Fayet,Vallorcine,95
OCESN018901F0400417120,Chamonix-Mont-Blanc,Vallorcine,33
OCESN018931F0200217178,Chamonix-Mont-Blanc,St-Gervais-L-B-Le-Fayet,45
OCESN019201F0300317199,Aulnoye Aymeries,Mons,28
OCESN019701F0200217207,Courtrai/Kortrijk,Lille Flandres,36
OCESN019801F0200217254,Maubeuge,Namur,84
OCESN019900F0200217263,Lille Flandres,Tournai,30
OCESN021703F0100117430,Brive-la-Gaillarde,Ussel,106
OCESN021901F0200217431,Dijon-Ville,Nevers,203
OCESN021911F0200217435,Le Creusot,Montchanin,11
OCESN022945F0300317449,Nice-Ville,Tende,137
OCESN022947F0700717451,Breil-sur-Roya,Nice-Ville,70
OCESN023101F0100117467,Annemasse,Coppet,51
OCESN023196F0100117538,Decize,Nevers,33
OCESN023212F0100117551,Annemasse,Genève,23
OCESN023312F0100117644,Coppet,Evian-les-Bains,94
OCESN023314F0100117646,Coppet,Thonon-les-Bains,85
OCESN023360F0200217661,Annemasse,Thonon-les-Bains,33
OCESN023410F0100117673,Annecy,Genève,89
OCESN023410F0200217674,Annecy,Coppet,117
OCESN023416F0300317685,Coppet,La Roche-sur-Foron,79
OCESN023456F0100117742,Coppet,St-Gervais-L-B-Le-Fayet,132
OCESN023462F0200217748,Cluses (Hte-Savoie),Coppet,108
OCESN023722F0300317768,Forbach,Metz-Ville,47
OCESN023740F0400417808,Bening,Metz-Ville,41
OCESN030000R0200217969,Bitche,Haguenau,69
OCESN030001R0300317970,Bitche,Niederbronn,26
OCESN030002R0300317973,Bitche-Camp,Niederbronn,38
OCESN030006R0200217979,Haguenau,Niederbronn,40
OCESN030030R0400418029,Bitche-Camp,Haguenau,76
OCESN030052R0200218051,Haguenau,Strasbourg,50
OCESN030064R0200218057,Haguenau,Wissembourg,37
OCESN030081R0600618069,Bouxwiller-Schattenmann,Haguenau-Moulin-Neuf.,43
OCESN030082R0500518070,Saverne,Niedermodern/Uberach,50
OCESN030083R0200218071,Ingwiller,Haguenau-Moulin-Neuf.,41
OCESN030085R1201218074,Dossenheim-(Mairie),Haguenau-Moulin-Neuf.,69
OCESN030086R0200218075,Obermodern,Saverne-(Ht-Barr),47
OCESN030088R0200218077,Ingwiller,Saverne-(Ht-Barr),56
OCESN030089R0700718078,Saverne,Haguenau-Moulin-Neuf.,81
OCESN030091R0200218080,Bouxwiller-Babenhausen,Dossenheim-(Mairie),20
OCESN030092R0300318082,Bouxwiller-Schattenmann,Niedermodern/Uberach,25
OCESN030095R0500518086,Bouxwiller-Schattenmann,Obermodern,10
OCESN030097R0800818089,Obermodern,Haguenau-Moulin-Neuf.,31
OCESN030099R1301318093,Obermodern,Saverne,36
OCESN030100R0400418095,Obermodern,Niedermodern/Uberach,12
OCESN030103R0400418103,Bouxwiller-Babenhausen,Niedermodern/Uberach,20
OCESN030122R0600618127,Dossenheim-(Mairie),Obermodern,23
OCESN030123R0200218128,Saverne,Neuwiller-R.-Bouxwiller,18
OCESN030137R0300318141,Obermodern,Pfaffenhoffen-(Mairie).,8
OCESN030138R0500518142,Saverne,Pfaffenhoffen-(Mairie).,43
OCESN030148R0200218147,Strasbourg,Sélestat,53
OCESN030150R0200218149,Benfeld,Strasbourg,42
OCESN030157R0300318151,Colmar,Raedersheim,45
OCESN030163R0400418153,Buswiller-Eglise,Mommenheim,19
OCESN030164R0400418154,"Ettendorf-Pl,-de-L'ecol",Mommenheim,15
OCESN030165R0400418155,Ettendorf-(Angle-Pont),Mommenheim,13
OCESN030166R0300318156,Bouxwiller-Babenhausen,Mommenheim,30
OCESN030190R0200218175,Diemeringen,Sarreguemines,31
OCESN030191R0200218176,Sarreguemines,Strasbourg,125
OCESN030192R0300318178,Diemeringen,Strasbourg,91
OCESN030194R0200218180,Strasbourg,Wingen-sur-Moder,64
OCESN030200R0600618181,Ingwiller,Reipertswiller-SP.,18
OCESN030201R0500518183,Ingwiller,Lichtenberg-(Eglise).,23
OCESN030222R0200218199,Saverne,Strasbourg,57
OCESN030234R0400418205,Lutzelbourg,Saverne,15
OCESN030241R0200218207,Kruth,Thann Arrêt La Poste,32
OCESN030242R0200218208,Kruth,Mulhouse,77
OCESN030244R0200218210,Kruth,Thann,32
OCESN030250R0200218216,Kruth,Wesserling,7
OCESN030273R0300318231,Colmar,Metzeral,43
OCESN030283R0300318235,Cernay (Haut-Rhin),Sewen-(Eglise),60
OCESN030283R0400418236,Cernay-(Lycée),Sewen-(Eglise),66
OCESN030290R0200218239,Basel-SBB,Mulhouse,60
OCESN030302R0200218245,Ingwiller,Saverne-(Lycée-Verne),64
OCESN030303R0300318247,Frohmuhl- (Lavoir),Saverne-(Ht-Barr),83
OCESN030303R0400418246,Frohmuhl- (Lavoir),Saverne,58
OCESN030304R0300318249,Frohmuhl- (Lavoir),Saverne-(Lycée-Verne),85
OCESN030315R0300318255,Saverne,Hattmatt-S.-Polyvalente,20
OCESN030318R0200218258,Hattmatt-S.-Polyvalente,Saverne-(Pl.-Dragons),33
OCESN030319R0400418259,Hattmatt-S.-Polyvalente,Saverne-(Lycée-Verne),42
OCESN030320R0200218261,Hattmatt-S.-Polyvalente,Saverne-(Ht-Barr),43
OCESN030342R0300318275,Herrlisheim (Bas-Rhin),Strasbourg,51
OCESN030344R0400418278,Lauterbourg,Roeschwoog,30
OCESN030354R0200218282,Entzheim-Aéroport,Strasbourg,20
OCESN030355R0200218283,Barr,Molsheim,33
OCESN030357R0200218285,Molsheim,Strasbourg,40
OCESN030360R0200218288,Barr,Strasbourg,89
OCESN030361R0200218289,Molsheim,Sélestat,76
OCESN030376R0500518295,Rothau,Strasbourg,72
OCESN030380R0200218297,Saales,Strasbourg,104
OCESN030385R0300318299,Altkirch,Mulhouse,25
OCESN030386R0300318300,Belfort-Ville,Mulhouse,77
OCESN030387R0200218301,Belfort-Ville,Montreux-Vieux,30
OCESN030395R0200218303,Sélestat,Ribeauville-Gare-Routiè,20
OCESN030399R0300318309,Sélestat,Riquewihr-Poste,36
OCESN030427R1401418342,Sélestat,Ste-Marie-/-Mines-Maire,35
OCESN030428R1301318344,St-Dié-des-Vosges,Sélestat,71
OCESN030430R0600618347,Sélestat,Ste-Marie/-Ms-(-Théâtre,36
OCESN030433R0300318351,Ste-Croix/Mines-Sq-de-G,Sèlestat-(Schwilgué),55
OCESN030434R1401418352,Sélestat,Ste-Marie-/-Ms-Pl-.CdG,35
OCESN030435R0600618353,Ste-Marie-/-Mines-Maire,Sèlestat-(Schwilgué),64
OCESN030437R0300318355,Liepvre-(-R.-GUTH-),Sèlestat-(Schwilgué),49
OCESN030440R0400418359,Ste-Marie-/-Ms-Pl-.CdG,Sélestat-(Schweisguth),69
OCESN030441R0400418360,Sélestat,Lièpvre-(Rte-Vancelle),45
OCESN031100R0300318408,Montluçon-Ville,Vierzon,125
OCESN031101R0200218409,Laqueuille,Le-Mont-Dore-Gare,24
OCESN031102R0200218410,Clermont-Ferrand,Gannat,57
OCESN031103R0200218411,Gannat,Riom-Châtel-Guyon,46
OCESN031106R0300318414,Aurillac,St-Denis-près-Martel,111
OCESN031107R0300318415,Aurillac,Capdenac,88
OCESN031109R0200218416,Montluçon-Ville,Vichy,108
OCESN031110R0300318417,Clermont-Ferrand,Le-Mont-Dore-Gare,84
OCESN031111R0200218418,Clermont-Ferrand,Saint-Etienne-Chtx GR,156
OCESN031113R0300318421,Thiers,Saint-Etienne-Chtx GR,118
OCESN031117R0300318425,Clermont-Ferrand,Le Puy-en-Velay,184
OCESN031119R0200218427,Clermont-Ferrand,Montluçon-Ville,146
OCESN031120R0200218428,Montluçon-Ville,Riom-Châtel-Guyon,120
OCESN031121R0200218429,Arvant,Aurillac,121
OCESN031125R0200218432,Moulins-sur-Allier,Vichy,78
OCESN031127R0200218433,Clermont-Ferrand,Thiers,71
OCESN031128R0200218434,Clermont-Ferrand,Volvic,39
OCESN031135R0400418436,Ancizes-St-Georges-Bour,Volvic,39
OCESN031141R0200218442,Montluçon-Ville,Urcay-Hotel-du-Lyon-d'O,44
OCESN031147R0200218446,Montluçon-Ville,St-Amand-Montrond-Orval,59
OCESN031164R0100118462,Thiers,Vertaizon,40
OCESN031165R0200218463,Montluçon-Ville,St-Eloy,40
OCESN031183R0200218476,Lapeyrouse(Puy-de-Dôme),St-Eloy-les-Mines-Lycée,20
OCESN031185R0300318478,Ancizes-St-Georges-Bour,Clermont-Ferrand,69
OCESN031186R0300318479,Clermont-Ferrand,St-Gervais-Mairie,91
OCESN031189R0200218482,Clermont-Ferrand,Le Mont Dore Ski,98
OCESN031196R0100118489,Clermont-Ferrand,Vertaizon,32
OCESN031197R0200218490,Volvic,St-Eloy,113
OCESN031200R0200218493,Arvant,St-Flour-les-Allées,50
OCESN031201R0200218494,Massiac-Blesle,St-Flour-les-Allées,30
OCESN031202R0200218495,Arvant,St-Chély-d'Apcher,77
OCESN031221R0300318508,Clermont-Ferrand,Mauriac-Lycée-Cortat,136
OCESN031223R0200218509,Lapeyrouse(Puy-de-Dôme),St-Eloy,15
OCESN031226R0200218510,Clermont-Ferrand,Mauriac,133
OCESN031235R0300318513,Riom-Châtel-Guyon,St-Gervais-Ch-LPA.,54
OCESN031247R0200218521,Montluçon-Ville,St-Gervais-Ch-LPA.,60
OCESN031254R0300318525,Neussargues,Riom_Es_M_la_Poste.,69
OCESN031256R0300318528,Clermont-Ferrand,St-Flour-les-Allées,93
OCESN031263R0200218534,Neussargues,St-Chély-d'Apcher,56
OCESN031265R0200218535,Neussargues,St-Flour-Chaudes-Aigues,31
OCESN031269R0200218538,St-Chély-d'Apcher,St-Flour-les-Allées,30
OCESN031274R0200218542,Massiac-Blesle,St-Chély-d'Apcher,49
OCESN031290R0300318554,Volvic,Pontgibaud-Ville,22
OCESN031301R0200218560,Brioude-Lycée-Lafayette,Brioude,5
OCESN031304R0200218561,Langeac,St-Georges-d'Aurac,10
OCESN031309R0400418565,Langeac,St-George-d'Aurac-Bourg,12
OCESN031332R0400418585,Brioude,Langeac,37
OCESN031334R0500518587,Brioude,Le Puy-en-Velay,64
OCESN031338R0200218591,Langeac,Le Puy-en-Velay,49
OCESN031342R0200218592,Le Puy-en-Velay,St-Georges-d'Aurac,53
OCESN031347R0200218596,Arvant,Le Puy-en-Velay,81
OCESN031354R0500518600,Le Puy-en-Velay,Saint-Etienne-Chtx GR,80
OCESN031360R0300318603,Le Puy-en-Velay,La Chaise-Dieu,47
OCESN031363R0300318606,Ambert,Le Puy-en-Velay,107
OCESN031394R0400418612,Ambert,Vichy,119
OCESN031398R0300318613,Pont-de-Dore,Vichy,66
OCESN031407R0300318618,Ussel,Laqueuille,39
OCESN031471R0300318661,Arvant,Issoire,46
OCESN031473R0300318662,Vic-le-Comte,Issoire-Lycée-Deville,30
OCESN031476R0300318663,Issoire,Le-Breuil-sur-Couze-Lyc,13
OCESN031478R0400418665,Brioude,Issoire,54
OCESN031479R0200218666,Clermont-Ferrand,Ussel,100
OCESN031552R0200218681,Luzy(Nièvre),Nevers,98
OCESN031554R0200218682,Cercy-la-Tour,Nevers,68
OCESN031679R0300318686,Autun,Etang,21
OCESN031679R0400418687,Autun,Le Creusot,49
OCESN031684R0300318695,Autun,Montchanin,62
OCESN031701R0200218722,Moulins-sur-Allier,Nevers,68
OCESN031712R0300318726,Nevers,St-Pierre-le-Moûtier,33
OCESN031751R0200218729,Moulins-sur-Allier,Paray-le-Monial,82
OCESN031784R0200218743,Chauffailles-Gambetta,Digoin,67
OCESN031786R0200218744,Digoin,Lozanne,133
OCESN031860R0200218747,Louhans,Seurre,48
OCESN031864R0200218749,Bourg-en-Bresse,Seurre,103
OCESN031900R0200218753,Auxerre-St-Gervais,Avallon,63
OCESN031950R0200218768,Auxerre-St-Gervais,Clamecy,76
OCESN031955R0400418774,Auxerre-St-Gervais,Corbigny,111
OCESN031970R0400418785,Clamecy,Corbigny,35
OCESN032002R0200218790,Lorient,Quimperlé,22
OCESN032300R1101118791,Châteaubriant,Janzé,57
OCESN032303R1001018793,Châteaubriant,Retiers,33
OCESN032400R0100118797,Dinan,Dol,30
OCESN032850R0200218821,Valençay,Luçay-le-Male,15
OCESN032857R0200218824,Romorantin-Blanc-Argent,Salbris,50
OCESN032861R0200218827,Faubourg-d'Orléans,Romorantin-Blanc-Argent,5
OCESN032867R0200218831,Faubourg-d'Orléans,Valençay,55
OCESN033001R0200218842,La Ferté-sur-Chiers,Sedan-Place-Calonne,59
OCESN033080R0200218851,Châlons-en-Champagne,Verdun,108
OCESN033111R0200218869,St-Dizier,Vitry-le-François,51
OCESN033120R0200218873,Joinville,St-Dizier,50
OCESN033140R0200218889,Chaumont,St-Dizier,123
OCESN033141R0300318890,Chaumont,Joinville,77
OCESN033172R0300318904,Chaumont,Langres-Gendarmerie,67
OCESN033208R0500518910,Chaumont,Troyes,100
OCESN033210R0400418913,Bar-sur-Aube,Juvancourt,32
OCESN033212R0200218914,Bar-sur-Aube,Troyes,98
OCESN033215R0200218915,Troyes,Vendeuvre (Aube),55
OCESN033219R0200218919,Bayel-Eglise,Juvancourt,18
OCESN033230R0200218924,Chaumont,Vendeuvre (Aube),60
OCESN033233R0300318925,Vendeuvre (Aube),Juvancourt,85
OCESN033270R0300318934,Chaumont,Ville-sous-La-Ferté,48
OCESN033274R0200218938,Bricon(la Poste),Chaumont,19
OCESN033280R0400418944,St-Florentin-Vergigny,Troyes,97
OCESN033281R0300318945,Laroche-Migennes,Troyes,130
OCESN033340R0300318961,Romilly-sur-Seine,Troyes,78
OCESN033345R0200218966,Troyes,Payns Abri Savières,26
OCESN033370R0200218982,Nogent-sur-Seine,Romilly-sur-Seine,35
OCESN033400R0200218990,Charleville-Mézières,Hirson,60
OCESN033460R0100119004,Fismes,Reims,58
OCESN033531R0200219010,Aillevillers,Belfort-Ville,102
OCESN033540R0300319011,Aillevillers,Lure,37
OCESN033652R0200219012,Besançon-Viotte,Morteau,88
OCESN033654R0200219014,Le Locle,Morteau,20
OCESN033658R0200219017,Le Valdahon,Morteau,54
OCESN033682R0200219020,Dole-Ville,Mouchard,47
OCESN033714R0200219023,Lons-le-Saunier,Mouchard,84
OCESN033727R0200219030,Mouchard,Poligny,28
OCESN033730R0200219031,Besançon-Viotte,Mouchard,58
OCESN033771R0200219032,Frasne,Pontarlier,30
OCESN033773R0200219033,Dompierre-Halte-Rout.,Pontarlier,21
OCESN033782R0200219039,Pontarlier,Les Granges-Narboz,10
OCESN033803R0200219046,Frasne,Jougne,56
OCESN033891R0200219057,Champagnole,Saint-Claude,87
OCESN033892R0200219058,Champagnole-PE-Victor,Dole-Ville,102
OCESN033893R0200219059,Andelot,Saint-Claude,107
OCESN033894R0200219060,Dole-Ville,Saint-Claude,204
OCESN033895R0200219061,Mouchard,Saint-Claude,124
OCESN034001R0200219062,Alès,Nîmes,50
OCESN034063R0200219066,La Bastide-St-Laurent,Langogne,25
OCESN034065R0200219069,Langogne,Mende,90
OCESN034071R0200219075,La Bastide-St-Laurent,Mende,68
OCESN034213R0300319079,Millau,Marvejols Place Chayla,75
OCESN034220R0300319080,Clermont-Ferrand,Mende,180
OCESN034240R0300319090,Le Puy-en-Velay,Marvejols,135
OCESN034251R0200219093,Mende,St-Chély-d'Apcher,84
OCESN034253R0300319095,La Bastide-St-Laurent,Marvejols,133
OCESN034256R0200219097,Mende,Marvejols Place Chayla,50
OCESN034350R0200219101,Carcassonne,Quillan,90
OCESN034352R0200219103,Carcassonne,Limoux,55
OCESN034354R0200219106,Limoux,Quillan,45
OCESN034400R0200219131,Bédarieux,Béziers,60
OCESN034535R0200219143,Guéret,Montluçon-Ville,66
OCESN034675R0200219145,Tulle,Ussel,89
OCESN034677R0200219147,Egletons,Tulle,40
OCESN034680R0200219150,Egletons,Meymac,25
OCESN034682R0200219152,Brive-la-Gaillarde,Egletons,63
OCESN034726R0200219154,Bort-les-Orgues,Ussel,35
OCESN035000R0700719173,Nancy-Ville,Mirecourt,74
OCESN035001R0400419174,Martigny-les-B-Thiebaut,Vézelise Beauregard,90
OCESN035002R0500519175,Damblain Eglise,Nancy-Ville,150
OCESN035003R0400419176,Contrexéville,Nancy-Ville,116
OCESN035004R0200219177,Contrexéville,Mirecourt,39
OCESN035006R0200219179,Vittel,Mirecourt,26
OCESN035020R0400419193,Nancy-Ville,Martigny-les-B-Thiebaut,133
OCESN035026R0500519199,Nancy-Ville,Vittel,92
OCESN035031R0500519204,Nancy-Ville,Mirecourt (Lycée Agric),71
OCESN035041R0600619205,Bening,Sarreguemines,34
OCESN035073R0600619227,Bitche-Quartier-Driant,Bening,71
OCESN035100R0200219234,Charmes (Vosges),Vittel,60
OCESN035101R0200219235,Charmes (Vosges),Mirecourt,30
OCESN035103R0200219237,Charmes (Vosges),Mirecourt (Lycée Agric),33
OCESN035129R0300319263,Igney (Centre),Sarrebourg-LP-Messmer,45
OCESN035129R0400419264,Sarrebourg,Igney (Centre),39
OCESN035153R0200219281,Longuyon,Longwy,32
OCESN035169R0200219296,Longuyon,Montmédy,39
OCESN035179R0200219303,Longuyon,Vezin-Carrefour,33
OCESN035187R0200219307,Morhange,Sarrebourg,94
OCESN035191R0200219309,Sarrebourg,Loudrefing,34
OCESN035195R0200219311,Morhange,Rémilly,48
OCESN035202R0200219313,Longuyon (Collège),Vezin-Carrefour,23
OCESN035203R0300319314,Sarrebourg,St-Jean-de-Bassel-Eglis,35
OCESN035211R0200219319,Nancy-Ville,Neufchâteau,62
OCESN035214R0200219320,Fénétrange (Gendarm.),Sarrebourg-Hôpital,42
OCESN035216R0300319322,Loudrefing,Sarrebourg-LP-Messmer,54
OCESN035224R0300319325,Sarrebourg (Place Math),St-Jean-de-Bassel-Eglis,24
OCESN035224R0400419326,Sarrebourg-LP-Messmer,St-Jean-de-Bassel-Eglis,31
OCESN035225R0400419328,Neufchâteau,Toul,45
OCESN035225R0500519327,Toul,Neufchateau-Lp,59
OCESN035232R0500519330,Nancy-Ville,Neufchateau-Lp,88
OCESN035233R0200219331,Allamps-Esat,Toul,30
OCESN035241R0200219338,Creutzwald G.R.,Thionville,110
OCESN035266R0200219351,Fénétrange (Gendarm.),Sarrebourg-LP-Messmer,30
OCESN035268R0800819352,St-Dié-des-Vosges,Laveline-d-Bruy. Mairie,64
OCESN035270R0200219353,Epinal,St-Dié-des-Vosges,65
OCESN035272R0600619354,Bruyères (Vosges),Epinal,43
OCESN035274R0300319355,Bruyères (Vosges),St-Dié-des-Vosges,48
OCESN035277R0200219357,Bouzonville,Thionville,67
OCESN035282R0500519360,Epinal,Laveline-d-Bruy. Mairie,52
OCESN035291R0300319370,Thionville,Kédange (Eglise),22
OCESN035300R0200219378,Thionville,Hombourg (Chapelle),26
OCESN035305R0600619385,Epinal,Saint-Léonard Centre,94
OCESN035305R0800819384,Corcieux Le Conti,Epinal,81
OCESN035315R0400419395,Arches,St-Dié-des-Vosges,85
OCESN035323R0300319405,Bruyères Chanzy Gare,Epinal,35
OCESN035366R0200219450,Arches,Epinal,20
OCESN035389R0500519461,Bruyères Chanzy Gare,St-Dié-des-Vosges,48
OCESN035392R0200219463,Thionville,Perl Gare DB,39
OCESN035410R0500519477,Sarreguemines,Sarre-Union,52
OCESN035411R0400419478,Herbitzheim R. Hambach,Sarre-Union,25
OCESN035412R0400419479,Sarreguemines,Sarralbe Centre,33
OCESN035413R0200219480,Loudrefing,Sarrebourg (Place Math),50
OCESN035415R0400419482,Herbitzheim Mairie,Sarre-Union,23
OCESN035416R0500519483,Sarrebourg,Sarreguemines,85
OCESN035417R0200219484,Fénétrange (Gendarm.),Sarrebourg-Abri-Phalsbo,33
OCESN035424R0800819492,Sarreguemines,Sarrebourg (Place Math),116
OCESN035435R0200219504,Berthelming-Mairie,Sarrebourg-Abri-Phalsbo,17
OCESN035440R0200219509,Metz-Ville,Nancy-Ville,105
OCESN035459R0400419530,Saverne,Sarralbe,64
OCESN035460R0400419531,Keskastel,Sarre-Union,11
OCESN035461R0200219532,Saverne,Sarre-Union,45
OCESN035473R0300319546,Bruyères (Vosges),Saint-Léonard Centre,39
OCESN035480R0100119547,Bar-le-Duc,Revigny,21
OCESN035481R0100119548,Charmes (Vosges),Epinal,40
OCESN035482R0100119549,Conflans-Jarny,Pagny-sur-Moselle,45
OCESN035532R0200219552,Figeac,Gramat,52
OCESN035576R0200219554,Mazamet,Toulouse-Matabiau,133
OCESN035589R0200219559,Muret,Pau,218
OCESN035593R0200219560,Pau,Toulouse-Matabiau,253
OCESN035603R0200219561,Agen,Castelsarrasin,56
OCESN035608R0200219563,Longages-Noé,St-Sulpice-sur-Lèze,11
OCESN035663R0700719574,Montréjeau-Gourdan-Pol.,Luchon-Richelieu,56
OCESN035691R0300319579,Ax-les-Thermes,Toulouse-Matabiau,145
OCESN035693R0200219581,Ax-les-Thermes,Foix,47
OCESN035695R0200219583,Ax-les-Thermes,Pamiers,83
OCESN035696R0500519584,Montréjeau-Gourdan-Pol.,Luchon,50
OCESN035741R0200219591,Ax-les-Thermes,Latour de Carol,49
OCESN035819R0200219594,Foix,Pamiers,33
OCESN035824R0200219595,Souillac,St-Denis-près-Martel,27
OCESN035852R0300319599,Albi-Ville,Toulouse-Matabiau,90
OCESN035866R0200219607,Foix,Toulouse-Matabiau,139
OCESN036000R0200219609,Comines (France),Lille Flandres,54
OCESN036002R0200219611,Lille Flandres,Wambrechies,30
OCESN036004R0200219613,Abbeville,Boulogne Ville,104
OCESN036006R0200219615,Abbeville,Rue,40
OCESN036009R0100119618,Lens,Lille Flandres,80
OCESN036019R0200219628,Avesnes,Hirson-Ecoles,55
OCESN036022R0100119629,Arras,Douai,40
OCESN036024R0100119630,Hazebrouck,Lille Flandres,77
OCESN036030R0100119632,Busigny,St Quentin,60
OCESN036200R0200219633,Calais Fréthun,Calais Ville,15
OCESN036500R0400419661,Coutances,Lison,54
OCESN036516R0100119680,Granville,Lison,84
OCESN036524R0100119688,Coutances,Granville,36
OCESN036562R0300319700,Coutances,Pontorson-Mt-St-Michel,85
OCESN036631R0300319702,Granville,Vire-Centre,75
OCESN036640R0300319704,Argentan,Flers,53
OCESN036670R0500519723,Bagnoles- Orne Egl.Mad.,Briouze,40
OCESN036690R0500519748,Bagnoles- Orne Egl.Mad.,Argentan,60
OCESN036700R0300319753,Alençon,Surdon,34
OCESN036701R0300319754,L'Aigle,Surdon,58
OCESN036730R0200219775,Dreux,L'Aigle,79
OCESN036801R0100119776,Lisieux,Trouville-Deauville,50
OCESN036810R0400419778,Dives-Cabourg,Trouville-Deauville,35
OCESN036850R0200219797,Caen,Rouen-Rive-Droite,100
OCESN036860R0100119801,Evreux,Normandie,50
OCESN036871R0100119802,Villedieu (Gare),Le Mont St Michel,45
OCESN036882R0300319811,Granville,Rennes,110
OCESN036890R0200219821,Caen,Rennes,170
OCESN037000R0100119826,Bréauté-Beuzeville,Fécamp,30
OCESN037071R0100119847,Mantes-la-Jolie,Rouen-Rive-Droite,125
OCESN037200R0500519848,Pont-Audemer-Gare-SNCF,Rouen-Gare-Routière,65
OCESN037202R0500519850,Rouen-Gare-Routière,Routot-Place-de-mairie,50
OCESN037214R0300319864,Bourg-Achard Champ de F,Pont-Audemer-Gare-SNCF,35
OCESN037563R0300319872,Nantes,St-Gilles-Croix-de-Vie,104
OCESN037600R0300319877,Cholet,Nantes,85
OCESN037615R0200219885,Cholet,Clisson,60
OCESN038000R0200219893,Albert,Amiens,46
OCESN038060R0200219896,Beauvais-Gare-SNCF,Creil,70
OCESN038100R0200219898,Hirson,Laon-Gare-Routière-Poma,80
OCESN038310R0200219901,Compiègne,Ribécourt,28
OCESN038313R0100119904,Compiègne,St Quentin,100
OCESN038314R0200219905,Compiègne,Tergnier,94
OCESN038604R0200219949,Chatellerault,Poitiers,44
OCESN038683R0200219950,Mauzé,Niort,40
OCESN038701R0200219951,Niort,Prissé-la-Charrière,49
OCESN038852R0200219952,Bressuire,Saumur,87
OCESN038859R0200219954,Bressuire,Thouars,37
OCESN038881R0200219962,La Roche-sur-Yon,Saumur,177
OCESN039513R0300319965,Chambéry-Chal.-les-Eaux,Lyon-Part-Dieu-Gare-Rou,90
OCESN039518R0200219966,Annecy,Lyon-Part-Dieu-Gare-Rou,112
OCESN039525R0400419972,Aix-les-Bains-le-Revard,Annecy,35
OCESN039530R0200219975,Valence-TGV,Grenoble-Gare-Routière,60
OCESN039535R0300319979,Chambéry-Chal.-les-Eaux,Grenoble-Gare-Routière,70
OCESN039536R0200219980,Grenoble-Gare-Routière,Valence-Gare-Routière,100
OCESN039549R0200219987,Grenoble-Gare-Routière,Lyon-Part-Dieu-Gare-Rou,119
OCESN039550R0200219988,St-André-le-Gaz,Lyon-Perrache-Gare-Rout,110
OCESN039561R0200219993,Lyon-Part-Dieu-Gare-Rou,Saint-Etienne-Chtx GR,71
OCESN039608R0200219997,Lozanne,Lyon-Gorge-de-Loup,37
OCESN039621R0200220009,Lozanne,Lyon-St-Paul-Quai-Bondy,48
OCESN039640R0200220010,Lyon-Part-Dieu-Gare-Rou,Roanne-Gare-Routière,115
OCESN039650R0200220012,Lozanne,Grandris-Centre,42
OCESN039651R0200220013,Lamure-sur-Azergues,Lozanne,46
OCESN039652R0200220014,Lozanne,Poule-Mairie,60
OCESN039654R0200220016,Lozanne,Paray-le-Monial,120
OCESN039655R0200220017,Bois-d'Oingt-Centre,Lozanne,23
OCESN039690R0200220046,Die,Valence-Gare-Routière,75
OCESN039693R0300320049,Valence-TGV,Veynes-Dévoluy,185
OCESN039694R0200220051,Veynes-Dévoluy,Valence-Gare-Routière,165
OCESN039694R0300320050,Luc-en-Diois,Valence-Gare-Routière,105
OCESN039697R0200220053,Luc-en-Diois,Valence-TGV,125
OCESN039710R0200220054,Evian-les-Bains,Grenoble-Gare-Routière,210
OCESN039712R0200220055,Saint-Etienne-Chtx GR,Valence-Gare-Routière,110
OCESN039716R0200220058,Modane,Grenoble-Gare-Routière,130
OCESN039719R0200220060,Annecy,Chamonix-Mont-Blanc,120
OCESN039721R0200220061,Annonay-Gare-Route,Grenoble-Gare-Routière,170
OCESN039726R0200220064,St-Gervais-L-B-Le-Fayet,Grenoble-Gare-Routière,190
OCESN039727R0200220065,Privas-Cours-du-Palais,Valence-Gare-Routière,50
OCESN039730R0300320067,Annemasse,Grenoble-Gare-Routière,180
OCESN039731R0200220068,Grenoble-Gare-Routière,Montélimar-G-Routière,127
OCESN039733R0300320069,Moûtiers-Salins-Brides,Grenoble-Gare-Routière,105
OCESN039735R0300320070,Chambéry-Chal.-les-Eaux,Cluses (Hte-Savoie),130
OCESN039736R0200220071,Bonneville,Lyon-Part-Dieu-Gare-Rou,145
OCESN039737R0300320072,Chambéry-Chal.-les-Eaux,St-Gervais-L-B-Le-Fayet,165
OCESN039742R0200220075,Aubenas-Pl.-de-la-Paix,Grenoble-Gare-Routière,198
OCESN039743R0300320076,Annemasse,Chambéry-Chal.-les-Eaux,110
OCESN039744R0300320077,Chambéry-Chal.-les-Eaux,Chamonix-Mont-Blanc,200
OCESN039745R0200220078,Annemasse,Evian-les-Bains,60
OCESN039748R0200220079,Grenoble-Gare-Routière,Privas-Cours-du-Palais,130
OCESN039749R0300320080,Bourg-en-Bresse Gare R,Chambéry-Chal.-les-Eaux,170
OCESN039753R0200220081,Oyonnax,Lyon-Part-Dieu-Gare-Rou,90
OCESN039754R0300320082,Chambéry-Chal.-les-Eaux,Evian-les-Bains,180
OCESN039755R0100120083,Lyon-Part-Dieu-Gare-Rou,Morez Lycée,195
OCESN039757R0200220084,Chamonix-Mont-Blanc,Lyon-Part-Dieu-Gare-Rou,240
OCESN039760R0300320086,Chambéry-Chal.-les-Eaux,Thonon-les-Bains,165
OCESN039762R0200220088,Chamonix-Mont-Blanc,Grenoble-Gare-Routière,220
OCESN039770R0300320095,Chamberry-Jacob,St-Gervais-L-B-Le-Fayet,165
OCESN039776R0300320096,Bonneville,Chambéry-Chal.-les-Eaux,130
OCESN039780R0300320099,Bourg-St-Maurice,Grenoble-Gare-Routière,160
OCESN039782R0200220100,Aubenas-Pl.-de-la-Paix,St-Martin-d'Hères,185
OCESN039784R0200220101,Montélimar-G-Routière,St-Martin-d'Hères,120
OCESN039786R0200220103,Privas-Cours-du-Palais,St-Martin-d'Hères,145
OCESN039788R0200220105,Annonay-Gare-Route,St-Martin-d'Hères,160
OCESN039794R0200220108,Saint-Claude,Lyon-Part-Dieu-Gare-Rou,135
OCESN039807R0200220112,Bourgoin-Jallieu,Lyon-Part-Dieu-Gare-Rou,51
OCESN039815R0200220113,Bourg-St-Maurice,Chambéry-Chal.-les-Eaux,145
OCESN039819R0400420115,Chambéry-Chal.-les-Eaux,Pont-de-Beauvoisin,48
OCESN039849R0200220116,Thonon-les-Bains,Grenoble-Gare-Routière,200
OCESN039991R0200220122,Mâcon-Ville,Lyon-Part-Dieu-Gare-Rou,75
OCESN040011R0500520123,Diemeringen,Sarralbe Centre,36
OCESN040012R0500520124,Diemeringen,Sarre-Union,20
OCESN042100R0200220151,Dinan,St-Brieuc,60
OCESN042101R0200220152,Dinan,Lamballe,73
OCESN043500R0200220161,Franois,St-Vit,14
OCESN043508R0200220167,Auxonne,Villers-les-Pots,10
OCESN043515R0200220171,Dijon-Ville,Neuilly-lès-Dijon,25
OCESN049501R0100120186,Bellegarde-s-V. Gare,St-Gervais-L-B-Le-Fayet,135
OCESN049504R0100120189,Bellegarde-s-V. Gare,Evian-les-Bains,115
OCESN049507R0100120192,Annemasse,St-Gervais-L-B-Le-Fayet,111
OCESN049511R0100120196,Bellegarde-s-V. Gare,Chamonix-Mont-Blanc,185
OCESN049514R0100120199,Annemasse,Bellegarde-s-V. Gare,71
OCESN049521R0100120205,Evian-les-Bains,Thonon-les-Bains,20
OCESN049523R0200220206,Cluses (Hte-Savoie),St-Gervais-L-B-Le-Fayet,40
OCESN049525R0100120208,Annemasse,La Roche-sur-Foron,30
OCESN049540R0100120213,Annecy,Annemasse,60
OCESN049561R0200220229,Ambérieu-en-Bugey,St-Rambert-en-Bugey,15
OCESN049562R0200220230,Ambérieu-en-Bugey,Virieu-le-Grand-Belley,52
OCESN049581R0200220236,Boën,Noirétable,26
OCESN049582R0200220237,Boën,Saint-Etienne-Chtx GR,92
OCESN049583R0200220238,Montbrison,Noirétable,44
OCESN049584R0200220239,Noirétable,Saint-Etienne-Chtx GR,108
OCESN049585R0200220240,Boën,Montbrison,18
OCESN049588R0200220242,Montbrison,Saint-Etienne-Chtx GR,60
OCESN049600R0200220253,Bourg-en-Bresse Gare R,Lyon-Part-Dieu-Gare-Rou,81
OCESN049610R0200220259,Bourg-en-Bresse Gare R,Mâcon-Loché-TGV,42
OCESN049611R0200220260,Bourg-en-Bresse Gare R,Mâcon-Ville,62
OCESN049634R0200220283,Ambérieu-en-Bugey,Lyon-Part-Dieu-Gare-Rou,63
OCESN049640R0300320287,Chambéry-Chal.-les-Eaux,St-André-le-Gaz,71
OCESN049645R0300320290,Chambéry-Chal.-les-Eaux,La Tour-du-Pin,86
OCESN049675R0200220305,Gap,Grenoble-Gare-Routière,127
OCESN049679R0300320308,Clelles-Mens,Gap,80
OCESN049680R0200220309,Clelles-Mairie,Grenoble-Gare-Routière,81
OCESN049682R0200220310,Vif,Grenoble-Gare-Routière,51
OCESN049684R0200220312,Clelles-Mens,Grenoble-Gare-Routière,73
OCESN049691R0200220317,Sain-Bel,Lyon-St-Paul-la-Feuilée,60
OCESN049692R0300320318,Sain-Bel,Lyon-St-Paul-Quai-Bondy,60
OCESN049701R0200220325,Lyon-Perrache-Gare-Rout,Vienne-Gare-Routière,53
OCESN049708R0200220329,Bourg-en-Bresse Gare R,Ambérieu-en-Bugey,40
OCESN049750R0200220348,Argentine,St-Pierre-d'Albigny,28
OCESN049780R0200220362,St-Priest,St-Pierre-de-Chandieu-R,21
OCESN049799R0200220374,Villefranche-sur-Saône,Lyon-Perrache-Gare-Rout,60
OCESN049808R0200220375,La Tour-du-Pin,Rives,55
OCESN049819R0200220376,Moûtiers-Salins-Brides,St-Pierre-d'Albigny,50
OCESN049823R0200220379,Albertville,Moûtiers-Salins-Brides,45
OCESN049825R0300320381,Aix-les-Bains-le-Revard,Chambéry-Chal.-les-Eaux,30
OCESN049827R0200220383,Bourg-St-Maurice,Moûtiers-Salins-Brides,37
OCESN049842R0300320394,Chambéry-Chal.-les-Eaux,Modane,113
OCESN049844R0300320396,Chambéry-Chal.-les-Eaux,Epierre-St-Léger,82
OCESN049846R0300320398,Aix-les-Bains-le-Revard,Modane,157
OCESN049852R0500520404,Chambéry-Chal.-les-Eaux,Culoz,65
OCESN049864R0200220414,Feurs,Saint-Etienne-Chtx GR,60
OCESN049873R0300320418,Albens,Annecy,45
OCESN049877R0200220422,Annecy,Rumilly,25
OCESN049911R0200220426,Sérézin,Ternay-Barbières,13
OCESN049913R0200220428,Communay-Stade,Sérézin,15
OCESN049962R0200220450,Epierre-St-Léger,Montmélian,52
OCESN049967R0200220452,Epierre-St-Léger,St-Pierre-d'Albigny,36
OCESN049968R0200220453,St-Jean-de-Maurienne-A.,St-Pierre-d'Albigny,70
OCESN049969R0200220454,Aiton-Salle-Polyvalente,St-Jean-de-Maurienne-A.,58
OCESN052500R0200220703,Chinon,Tours,82
OCESN052501R0400420704,Chinon-Lycée-Rabelais,Tours,75
OCESN052520R0200220712,Tours,St Christophe / Nais C.,60
OCESN052521R0200220713,Château-du-Loir,Tours,75
OCESN052540R0300320721,Droué (Centre),Courtalain-St-Pellerin,10
OCESN052541R0200220722,Courtalain-Centre,Droué (Centre),10
OCESN052542R0200220723,Chartres-Gare-Routière,Brou,55
OCESN052543R0300320724,Droué (Centre),Brou,36
OCESN052547R0200220728,Brou,Chartres,50
OCESN052553R0200220733,Droué (Centre),Chartres,92
OCESN052560R0400420735,Vendôme,Mondoubleau-Rue-Leroy,60
OCESN052580R0200220746,Aubigny-sur-Nere-Mail,Gien,44
OCESN052600R0200220762,Gien,Montargis-OT,49
OCESN052610R0200220766,Cosne-sur-Loire,Sancerre-Porte-Cesar,27
OCESN052632R0200220780,Bourges-Gare-Routière,nan,65
OCESN052635R0200220781,Bourges-Gare-Routière,St-Amand-Montrond-Orval,76
OCESN052636R0200220782,Bourges,St-Amand-Montrond-Orval,65
OCESN052650R0200220783,Châteauroux Gare Rout.,Bourges,106
OCESN052652R0200220785,Bourges,Issoudun-Place-de-la-G.,71
OCESN052665R0200220798,Châteauroux Gare Rout.,Issoudun-Jardin,40
OCESN052670R0200220799,Vierzon,Issoudun-Place-de-la-G.,50
OCESN052671R0200220800,Issoudun,Vierzon,56
OCESN052700R0300320808,Châteauroux Gare Rout.,Poitiers-Gare-Routière,135
OCESN052702R0200220810,Le-Blanc-Pl-du-Bateau,Poitiers-Gare-Routière,68
OCESN052720R0200220818,Nouan-le-Fuzelier,Romorantin-BA-G.R.,55
OCESN052722R0200220820,Chaumont-sur-Tharonne,Romorantin-BA-G.R.,31
OCESN052723R0200220821,Lamotte-Beuvron,Romorantin-BA-G.R.,40
OCESN052728R0200220823,Lamotte-Beuvron,Romorantin-Lycée-de-F,35
OCESN052740R0200220824,Châteauroux-Ly-B-Pascal,Eguzon,60
OCESN052741R0300320825,Châteauroux Gare Rout.,Argenton-sur-Creuse,45
OCESN052741R0400420826,Châteauroux-Ly-B-Pascal,Argenton-sur-Creuse,60
OCESN052742R0300320827,Châteauroux-Lycée-Agric,Argenton-sur-Creuse,55
OCESN052744R0300320830,Châteauroux Gare Rout.,Eguzon,80
OCESN052746R0200220831,Châteauroux Gare Rout.,Issoudun-Place-de-la-G.,36
OCESN052750R0200220832,Thesee,Romorantin-BA-G.R.,60
OCESN052751R0200220833,Romorantin-BA-G.R.,St-Aignan-Lep,55
OCESN052752R0200220834,Romorantin-BA-G.R.,St-Aignan-Pl-Wilson,53
OCESN052800R0200220838,Loches,Tours,58
OCESN052801R0200220839,Buzançais,Châteauroux Gare Rout.,30
OCESN052802R0200220840,Châteauroux Gare Rout.,Tours,150
OCESN052803R0200220841,Chatillon-Mail,Châteauroux-Charmilles,100
OCESN052804R0200220842,Clion-sur-Indre,Loches,40
OCESN052805R0200220843,Chatillon-Mail,Châteauroux Gare Rout.,90
OCESN052807R0200220845,Châteauroux Gare Rout.,Loches,101
OCESN052810R0200220849,Cormery,La Douzillère,47
OCESN052811R0200220850,Loches,Montbazon,65
OCESN052812R0200220851,Chambourg-Chopin,Cormery,25
OCESN052815R0200220854,Loches-Lycee-St-Denis,Truyes-St-Blaise,40
OCESN052822R0200220864,Cormery,Loches,29
OCESN052829R0200220872,Loches,TOURS LYCEE GRANDMONT,55
OCESN052832R0200220875,Esvres,Loches,45
OCESN052834R0200220877,Tours,Reignac-Bourg-Du-Fau,74
OCESN052840R0200220883,Loches,Truyes-Pl-Du-Souvenir,40
OCESN052845R0200220890,La Douzillère,Veigné,15
OCESN052848R0200220893,Loches-LEP,Truyes-Pl-Du-Souvenir,25
OCESN052850R0400420895,Tours,Loches-LEP,80
OCESN052857R0200220905,Cormery,Tours,43
OCESN052860R0200220909,Buzançais,Châteauroux-Ly-B-Pascal,59
OCESN052861R0200220910,Esvres,La Douzillère,20
OCESN052868R0400420918,Chatillon-Mail,Châteauroux-L-Giraudoux,93
OCESN052878R0400420929,Chatillon-Mail,Tours,95
OCESN052900R0200220941,Vierzon,Romorantin-BA-G.R.,43
OCESN052903R0200220944,Romorantin-BA-G.R.,Vierzon-Médiathèque,48
OCESN052931R0200220960,Blois-Chambord,Limeray,35
OCESN052940R0200220962,Châteaudun,Dourdan,90
OCESN052941R0200220963,Châteaudun-LEP-Paulsen,Dourdan,102
OCESN052950R0200220965,Chartres-Gare-Routière,Tours,159
OCESN052951R0200220966,Chartres-Gare-Routière,Vendôme,84
OCESN052952R0200220967,Châteaudun,Vendôme,55
OCESN052953R0200220968,Tours,Vendôme,65
OCESN052960R0200220975,Chartres-Gare-Routière,Châteaudun,56
OCESN052974R0200220989,Châteaudun,Tours,111
OCESN052990R0200220994,Château-Renault,Vendôme-Villiers-s-Loir,47
OCESN055002R0200221027,Epinal,Neufchâteau,109
OCESN055003R0200221028,Neufchâteau,Vittel,45
OCESN055069R0500521037,Lunéville,Rambervillers (11 Nov),54
OCESN055074R0200221043,Lunéville,Moyen,41
OCESN055079R0300321047,Luneville-LP,Rambervillers (11 Nov),72
OCESN055081R0300321049,Lunéville (Cité Scolai),Rambervillers,60
OCESN055081R0400421050,Lunéville,Rambervillers,52
OCESN055082R0500521051,Lunéville (Cité Scolai),Rambervillers (11 Nov),71
OCESN055097R0200221067,Epinal,Mirecourt,44
OCESN055098R0200221068,Bruyères (Vosges),Lunéville,80
OCESN055121R0200221088,Remiremont,Gérardmer La Mauselaine,45
OCESN055123R0200221090,Contrexéville,Epinal,60
OCESN055145R0300321106,Longwy,Metz-Ville,55
OCESN055203R0200221140,Bussang (Gare SNCF),Remiremont,54
OCESN055219R0200221145,Bresse-Claudel (la),Remiremont,57
OCESN055220R0200221146,Remiremont,La-Bresse (Pl Champtel),63
OCESN055223R0200221150,Remiremont,La Bresse Le Lispach,83
OCESN055267R0200221181,Audun-le-Roman,Thionville,40
OCESN055403R0200221218,Bitche,Sarreguemines,48
OCESN055412R0400421227,Bitche-Quartier-Driant,Sarreguemines,56
OCESN055430R0200221246,Sarrebourg,St-Louis-57-Incliné,27
OCESN055436R0200221250,Lutzelbourg,Sarrebourg,50
OCESN055437R0200221251,Conflans-Jarny,Metz-Ville,40
OCESN055438R0200221252,Metz-Ville,Verdun,90
OCESN055488R0200221255,Conflans-Jarny,Verdun,45
OCESN078000R0200222782,Marle-sur-Serre,Lugny,5
OCESN078001R0300322783,BarentonÂ Cel,Verneuil-sur-Serre,5
OCESN078002R0200222784,Barenton-sur-Serre,Verneuil-sur-Serre,5
OCESN081390F0100122797,Strasbourg,WOERTH RHEIN,66
OCESN081400F0300322805,Neustadt (Weinstr) Hbf,Wissembourg,62
OCESN081401F0200222806,WINDEN PFALZ,Wissembourg,16
OCESN081436F0300322841,Landau-Pfalz-Hbf,Wissembourg,28
OCESN081440F0300322842,Lauterbourg,WOERTH RHEIN,15
OCESN082201R03003~NAV55728,Fougères,Rennes,70
OCESN086000F0700723025,Nice-Ville,Ventimiglia-Stazione,53
OCESN086000F0800823026,Grasse,Nice-Ville,71
OCESN086000F0900923027,Grasse,Ventimiglia-Stazione,127
OCESN086004F0300323032,Grasse,Menton,113
OCESN086004F0400423031,Menton,Nice-Ville,39
OCESN086005F0800823036,Cannes-la-Bocca,Ventimiglia-Stazione,107
OCESN086007F0600623042,Cannes-la-Bocca,Menton,90
OCESN086011F0100123054,Les Arcs-Draguignan,Ventimiglia-Stazione,138
OCESN086011F0300323055,Les Arcs-Draguignan,Menton,118
OCESN086013F0500523058,Cannes-la-Bocca,Monaco-Monte-Carlo,73
OCESN086013F0600623059,Grasse,Monaco-Monte-Carlo,99
OCESN086013F0900923060,Monaco-Monte-Carlo,Nice-Ville,24
OCESN086015F1001023069,Cannes,Ventimiglia-Stazione,101
OCESN086017F0600623076,Cannes,Monaco-Monte-Carlo,70
OCESN086069F0400423178,Menton,Ventimiglia-Stazione,16
OCESN086090F0100123221,Monaco-Monte-Carlo,Ventimiglia-Stazione,30
OCESN086380F0700723234,Saarbrücken /Sarrebruck,Strasbourg,102
OCESN086381F1201223237,Mommenheim,Strasbourg,15
OCESN086392F0500523255,Metz-Ville,Trier-Hbf (Trèves),96
OCESN086550F0300323260,Longwy,Luxembourg,35
OCESN086562F0600623275,Luxembourg,Rodange,27
OCESN086960F0100123299,Perpignan,Port-Bou,59
OCESN086966F0100123305,Avignon-Centre,Port-Bou,259
OCESN086967F0100123308,Narbonne,Port-Bou,102
OCESN086969F0400423310,Nîmes,Port-Bou,209
OCESN086970F0200223317,Port-Bou,Toulouse-Matabiau,220
OCESN086983F1301323339,Montpellier-Saint-Roch,Port-Bou,171
OCESN087154F0200223368,Saarbrücken /Sarrebruck,Sarreguemines,29
OCESN087403F0200223441,Offenburg,Strasbourg,32
OCESN087459F0400423488,Kehl,Offenburg,22
OCESN087480F0200223503,Mulhouse,Mullheim-Baden-Bf,23
OCESN087488F0300323515,Freiburg-Breisgau,Mulhouse,45
OCESN088501F0300323533,Luxembourg,Nancy-Ville,92
OCESN088501F0600623534,Luxembourg,Thionville,25
OCESN088503F0800823537,Nancy-Ville,Thionville,65
OCESN088503F1301323536,Bettembourg,Nancy-Ville,79
OCESN088507F0900923553,Luxembourg,Metz-Ville,49
OCESN088710F0700723816,Bettembourg,Metz-Ville,36
OCESN088716F1001023828,Metz-Ville,Thionville,27
OCESN088821F0200224092,Forbach,Saarbrücken /Sarrebruck,10
OCESN088824F0300324099,Metz-Ville,Saarbrücken /Sarrebruck,60
OCESN096151F0300324706,Basel-SBB,Strasbourg,89
OCESN096151F0400424707,Basel-SBB,Sélestat,69
OCESN096500F0300324843,Genève,Lyon-Part-Dieu,117
OCESN096508F0100124850,Bellegarde-s-V. Gare,Genève,28
OCESN096536F0200224867,Lyon-Part-Dieu,St-Gervais-L-B-Le-Fayet,228
OCESN096601F0300324904,Genève,Grenoble,144
OCESN096608F0900924907,Genève,Valence-Ville,195
OCESN105330F0300324982,St-Pierre-des-Corps,Tours,5
OCESN400000R0200233144,Mommenheim,Sarreguemines,113
OCESN400003R0100133147,Mommenheim,Saarbrücken /Sarrebruck,154
OCESN400012R0200233152,Ingwiller,Mommenheim,35
OCESN400013R0200233153,Ingwiller,Strasbourg,66
OCESN400021R0200233156,Roeschwoog,Strasbourg,84
OCESN400023R0100133157,Lauterbourg,Strasbourg,114
OCESN400039R0100133173,Colmar,Munster,36
OCESN400059R0300333193,Kehl,Strasbourg,25
OCESN400061R0300333196,Saales,St-Dié-des-Vosges,28
OCESN400061R0400433197,Molsheim,St-Dié-des-Vosges,105
OCESN400063R0500533201,Rothau,St-Dié-des-Vosges,50
OCESN400067R0200233206,Molsheim,Rothau,55
OCESN400073R0200233216,Rothau,Saales,22
OCESN400075R0200233218,Kruth,Thann-Saint-Jacques,28
OCESN400078R0200233221,Molsheim,Saales,76
OCESN400079R0200233222,Thann-Saint-Jacques,Wesserling,19
OCESN400082R0200233224,Molsheim,Mutzig-Passage-A-Niveau,8
OCESN400240R0200233233,Erstein,Strasbourg,26
OCESN400241R0300333235,Colmar,Mulhouse,50
OCESN405004R0200233394,Bayonne,Pau,145
OCESN405009R0200233395,Bayonne,Puyoô,70
OCESN405021R0200233396,Mont-de-Marsan,Morcenx,45
OCESN405024R0200233397,Bordeaux-St-Jean,Mont-de-Marsan,185
OCESN405109R0300333400,Lesparre,Pauillac,25
OCESN405117R0200233401,Bordeaux-St-Jean,Lesparre,157
OCESN405123R0300333404,Bordeaux-St-Jean,Le-Verdon,200
OCESN405210R0300333407,Dax,Lourdes,170
OCESN405212R0300333408,Dax,Pau,110
OCESN405275R0100133413,Dax,Tarbes,205
OCESN405313R0200233415,Arcachon,Biganos-Facture,47
OCESN405403R0200233423,Brive-la-Gaillarde,Périgueux,105
OCESN405410R0100133424,Condat-le-Lardin,Tulle,85
OCESN405411R0100133425,Brive-la-Gaillarde,Condat-le-Lardin,44
OCESN405449R0500533453,Bedous,Pau,86
OCESN405454R0200233454,Oloron-Ste-Marie,Pau,52
OCESN405455R0200233455,Bidos,Pau,58
OCESN405460R0100133459,Bedous,Oloron-Ste-Marie,35
OCESN405483R0100133460,Bayonne,St-Jean-Pied-de-Port,81
OCESN405491R0200233462,Bayonne,Cambo-les-Bains,38
OCESN405520R0300333468,Dax,Hendaye,140
OCESN405525R0200233470,Bayonne,Morcenx,105
OCESN405572R0200233472,Bordeaux-St-Jean,Dax,170
OCESN405608R0100133474,Bergerac,Libourne,104
OCESN405638R0200233484,Libourne,St-Emilion,19
OCESN405652R0200233485,Bergerac,Sarlat,94
OCESN405713R0300333494,Bordeaux-St-Jean,Langon,87
OCESN405758R0300333496,Agen,Bordeaux-St-Jean,174
OCESN405816R0300333499,Agen,Périgueux,212
OCESN405874R0300333503,Agen,Monsempron-Libos,65
OCESN406105R0200233512,Commentry,Montluçon-Ville,25
OCESN406400R0200233521,Clermont-Ferrand,Moulins-sur-Allier,165
OCESN406402R0100133523,Clermont-Ferrand,Riom-Châtel-Guyon,25
OCESN406403R0100133524,Clermont-Ferrand,Vichy,85
OCESN406500R0100133526,Gannat,Vichy,32
OCESN406602R0200233530,Arvant,Brioude,12
OCESN406680R0300333532,Alès,Clermont-Ferrand,344
OCESN406681R0200233533,Alès,Brioude,254
OCESN406685R0200233535,Arvant,Langeac,46
OCESN406687R0200233536,Arvant,Nîmes,334
OCESN406805R0100133552,Aurillac,Neussargues,74
OCESN406906R0200233562,Aurillac,Figeac,80
OCESN407000R0200233567,Aurillac,Brive-la-Gaillarde,162
OCESN407107R0200233578,Firminy,Le Puy-en-Velay,129
OCESN407109R0200233579,Le Puy-en-Velay,Vorey,41
OCESN408009R0200233582,Dijon-Ville,Laroche-Migennes,216
OCESN408018R0200233585,Laroche-Migennes,Tonnerre,69
OCESN408218R0200233602,Frasne,Travers,56
OCESN408281R0200233605,Laroche-Migennes,Montereau,148
OCESN408428R0200233615,Clamecy,Laroche-Migennes,113
OCESN408490R0200233620,Auxerre-St-Gervais,Laroche-Migennes,28
OCESN408770R0200233630,Dijon-Ville,Is-sur-Tille,65
OCESN408827R0200233632,Dijon-Porte-Neuve,Is-sur-Tille,32
OCESN408844R0200233634,Dijon-Ville,Seurre,98
OCESN408849R0100133636,Besançon-Viotte,Dijon-Ville,164
OCESN408897R0200233637,Dijon-Ville,Les Laumes-Alésia,107
OCESN409172R0200233654,Avallon,Laroche-Migennes,110
OCESN409210R0200233655,Chagny,Montchanin,57
OCESN409268R0100133658,Decize,Luzy(Nièvre),54
OCESN409402R0100133665,Cosne-sur-Loire,Nevers-Le-Banlay,118
OCESN409406R0100133667,Nevers,Nevers-Le-Banlay,13
OCESN409505R0200233671,Lyon-Perrache,Paray-le-Monial,150
OCESN409761R0100133672,Besançon-Viotte,Dole-Ville,78
OCESN409858R0100133674,Belfort-Ville,Vesoul,115
OCESN410017R0200233676,Besançon-Viotte,Le Valdahon,62
OCESN410210R0100133688,Luzy(Nièvre),Montchanin,68
OCESN410273R0100133715,Le Creusot,Luzy(Nièvre),54
OCESN410421R0200233724,Bourg-en-Bresse,Lons-le-Saunier,89
OCESN410600R0200233728,Belfort-Ville,Meroux,24
OCESN410610R0200233730,Belfort-Ville,Delle,75
OCESN410854R0100133734,Besançon-Franche-Comté,Besançon-Viotte,23
OCESN411057R0200233740,Rennes,Vitré,60
OCESN411121R0200233742,Rennes,St-Brieuc,115
OCESN411125R0200233744,Montauban-de-Bretagne,Rennes,50
OCESN411211R0200233747,Messac-Guipry,Rennes,75
OCESN411225R0100133749,Nantes,Rennes,100
OCESN411232R0200233751,Rennes,Vannes,150
OCESN411281R0200233754,Messac-Guipry,Vannes,115
OCESN411282R0300333755,Redon,Rennes,105
OCESN411284R0100133756,Beslé,Redon,35
OCESN411329R0300333758,Lorient,Quimper,95
OCESN411330R0200233759,Lorient,Rosporden,65
OCESN411332R0200233760,Lorient,Vannes,80
OCESN411356R0200233764,Lorient,Redon,140
OCESN411510R0200233770,Brest,Morlaix,85
OCESN411616R0200233773,Brest,Quimper,130
OCESN411618R0200233774,Landerneau,Quimper,95
OCESN411639R0200233782,Brest,La Forest,35
OCESN411640R0200233783,Brest,Landerneau,45
OCESN411716R0200233787,Lannion,St-Brieuc,65
OCESN411719R0200233790,Guingamp,Lannion,55
OCESN411850R0200233792,Carhaix,Guingamp,75
OCESN414005R0200233821,Aubrais-(les),Cosne-sur-Loire,135
OCESN414047R0300333827,Port-de-Piles,Tours,85
OCESN414411R0200233832,Châteauroux,Vierzon,90
OCESN414428R0200233833,Argenton-sur-Creuse,Vierzon,130
OCESN414511R0100133834,Aubrais-(les),Toury,45
OCESN414565R0200233836,Bourges,Vierzon,70
OCESN414909R0300333840,Bourges,Montluçon-Ville,160
OCESN415126R0200233841,Port-Boulet,Tours,77
OCESN415179R0600633842,Aubrais-(les),Tours,160
OCESN415512R0300333844,Aubrais-(les),Château-Gaillard,45
OCESN415959R0400433845,Romorantin-Blanc-Argent,Valençay,45
OCESN416002R0200233854,Chartres,Nogent-le-Rotrou,91
OCESN416005R0300333857,Chartres,La Verrière,108
OCESN416006R0200233858,Chartres,Versailles-Chantiers,110
OCESN416400R0200233873,Chartres,Courtalain-St-Pellerin,90
OCESN417001R0200233875,Charleville-Mézières,Givet,107
OCESN417101R0300333884,Charleville-Mézières,Nouzonville,20
OCESN417301R0100133887,Charleville-Mézières,Reims,80
OCESN417322R0100133888,Reims,Sedan,163
OCESN417328R0100133889,Charleville-Mézières,Sedan,43
OCESN417404R0100133910,Rethel,Sedan,113
OCESN417951R0100133911,Laon,Reims,110
OCESN418003R0200233913,Chaumont,Châlons-en-Champagne,164
OCESN418009R0300333914,Châlons-en-Champagne,St-Dizier,75
OCESN418400R0100133922,Châlons-en-Champagne,Château-Thierry,105
OCESN418402R0100133924,Dormans,Epernay,30
OCESN418405R0100133927,Bar-le-Duc,Epernay,155
OCESN418408R0100133930,Bar-le-Duc,St-Dizier,35
OCESN418410R0100133931,Bar-le-Duc,Châlons-en-Champagne,110
OCESN418802R0100133932,Culmont-Chalindrey,Troyes,161
OCESN418809R0100133934,Dijon-Ville,Troyes,145
OCESN423011R0200233946,Cerbère,Perpignan,107
OCESN423013R0200233948,Le Grau-du-Roi,Vauvert,44
OCESN423016R0300333952,Le Grau-du-Roi,Nîmes,93
OCESN423021R0200233958,Carcassonne,Castelnaudary,59
OCESN423028R0200233962,Narbonne,Toulouse-Matabiau,218
OCESN423030R0200233963,Castelnaudary,Narbonne,134
OCESN423100R0200233964,Alès,Génolhac,57
OCESN423102R0200233966,Alès,La Bastide-St-Laurent,111
OCESN423103R0200233967,Alès,Mende,187
OCESN423106R0200233970,Alès,Langogne,136
OCESN423111R0200233973,Marvejols,Mende,48
OCESN423112R0200233974,Alès,Arvant,263
OCESN423125R0200233986,Langogne,Nîmes,180
OCESN423133R0200233994,Mende,Nîmes,247
OCESN423135R0200233996,Marvejols,Nîmes,297
OCESN423323R0200234002,Castelnaudary,Toulouse-Matabiau,83
OCESN425350R0200234006,Perpignan,Villefranche-Vernet-l.B,64
OCESN426054R0200234023,Guéret,Limoges-Bénédictins,111
OCESN426201R0200234027,Le Dorat,Limoges-Bénédictins,70
OCESN426220R0300334030,Limoges-Bénédictins,Poitiers,205
OCESN426300R0200234035,Limoges-Bénédictins,Saillat-Chassenon,91
OCESN426405R0200234039,Limoges-Bénédictins,Périgueux,147
OCESN426503R0200234044,St-Yrieix-la-Perche,Pompadour,47
OCESN426503R0300334045,Nexon,Pompadour,83
OCESN426505R0200234048,Limoges-Bénédictins,Nexon,33
OCESN426550R0200234070,Objat,Pompadour,31
OCESN426556R0200234073,Brive-la-Gaillarde,Objat,46
OCESN426708R0100134084,Brive-la-Gaillarde,Limoges-Bénédictins,174
OCESN426804R0200234085,Limoges-Bénédictins,Ussel,192
OCESN426956R0200234092,Brive-la-Gaillarde,Tulle,44
OCESN429009R0100134099,Lunéville,Nancy-Ville,71
OCESN429011R0300334100,Epinal,Nancy-Ville,79
OCESN429021R0200234101,Longwy,Rodange,16
OCESN429027R0200234102,Bening,Saarbrücken /Sarrebruck,53
OCESN429069R0200234118,Longwy,Nancy-Ville,172
OCESN429071R0200234120,Conflans-Jarny,Longwy,86
OCESN429073R0200234121,Nancy-Ville,Pont-St-Vincent,60
OCESN429085R0200234130,Bar-le-Duc,Metz-Ville,138
OCESN429092R0200234137,Bar-le-Duc,Nancy-Ville,88
OCESN429097R0400434141,Nancy-Ville,Remiremont,160
OCESN429098R0200234142,Châlons-en-Champagne,Metz-Ville,228
OCESN429100R0100134144,Epinal,Remiremont,37
OCESN429116R0200234151,Baroncourt,Nancy-Ville,109
OCESN429121R0200234153,Conflans-Jarny,Hagondange,64
OCESN429123R0200234154,Hagondange,Verdun,113
OCESN429127R0300334157,Nancy-Ville,St-Dié-des-Vosges,121
OCESN429139R0100134168,Nancy-Ville,Revigny,144
OCESN429147R0200234173,Liverdun,Nancy-Ville,25
OCESN429153R0300334178,Bar-le-Duc,Toul,77
OCESN429194R0100134187,Lunéville,St-Dié-des-Vosges,41
OCESN429218R0100134191,Longwy,Sedan,108
OCESN429302R0100134203,Charleville-Mézières,Longwy,151
OCESN429384R0200234221,Diemeringen,Saarbrücken /Sarrebruck,75
OCESN429401R0200234225,Nancy-Ville,Verdun,108
OCESN429460R0100134226,Dijon-Ville,Neufchâteau,120
OCESN429469R0200234227,Dijon-Ville,Nancy-Ville,190
OCESN429500R0200234228,Bettembourg,Luxembourg,20
OCESN433022R0300334319,Millau,Rodez,85
OCESN433039R0400434326,Millau,Laissac-Foirail,60
OCESN433102R0200234330,Mazamet,St-Sulpice (Tarn),103
OCESN433110R0300334338,Castres,St-Sulpice (Tarn),60
OCESN433201R0300334341,Capdenac,Figeac,20
OCESN433202R0200234342,Figeac,Tessonnières,160
OCESN433296R0200234356,Aurillac,Toulouse-Matabiau,244
OCESN433305R0200234357,Auch,L'Isle-Jourdain (Gers),51
OCESN433306R0200234358,Auch,Toulouse-Matabiau,122
OCESN433321R0200234366,Auch,Colomiers,94
OCESN433353R0200234367,L'Isle-Jourdain (Gers),Toulouse-Matabiau,72
OCESN433362R0300334372,Colomiers,L'Isle-Jourdain (Gers),48
OCESN433612R0100134373,Brive-la-Gaillarde,Montauban-Ville-Bourbon,198
OCESN433614R0100134374,Cahors,Montauban-Ville-Bourbon,78
OCESN433710R0500534381,Boussens,Pau,183
OCESN433717R0500534384,Muret,Tarbes,182
OCESN433718R0400434385,Boussens,Muret,93
OCESN433721R0400434387,Boussens,Montréjeau-Gourdan-Pol.,55
OCESN433733R0300334393,Montréjeau-Gourdan-Pol.,Muret,138
OCESN433746R0300334402,Pau,Tarbes,93
OCESN433768R0300334412,Lourdes,Tarbes,35
OCESN433814F0100134418,Agen,Montauban-Ville-Bourbon,106
OCESN433952R0100134422,Capdenac,Rodez,86
OCESN433952R0200234423,Brive-la-Gaillarde,Capdenac,148
OCESN435001R0200234433,Cambrai Ville,St Quentin,101
OCESN435005R0500534435,Boulogne Ville,Calais Fréthun,30
OCESN435011R0400434439,Calais Fréthun,Rang du Fl. Verton Ber.,96
OCESN435012R0200234440,Lille Flandres,Mouscron / Moeskroen,49
OCESN435020R0200234448,Douai,Lille Flandres,118
OCESN435036R0200234462,Cambrai Ville,Valenciennes,95
OCESN435040R0300334466,Aulnoye Aymeries,Jeumont,50
OCESN435042R0200234468,Aulnoye Aymeries,Maubeuge,28
OCESN435050R0200234476,Maubeuge,St Quentin,116
OCESN435052R0200234478,Aulnoye Aymeries,Busigny,82
OCESN435054R0200234480,Amiens,Arras,104
OCESN435056R0200234483,Aulnoye Aymeries,Hirson,104
OCESN435058R0200234485,Lille Flandres,Valenciennes,127
OCESN435100R0200234532,Jeumont,Maubeuge,15
OCESN435115R0200234547,Jeumont,Valenciennes,128
OCESN435124R0300334556,Charleroi Sud,Maubeuge,60
OCESN435134R0300334566,Calais Ville,Hazebrouck,109
OCESN435160R0100134586,Arras,St Pol sur Ternoise,63
OCESN435163R0200234589,Abbeville,Amiens,56
OCESN435168R0200234594,Arras,Lens,42
OCESN435188R0100134612,Arras,Lille Flandres,99
OCESN435190R0100134614,Amiens,Lille Flandres,223
OCESN435192R0200234616,Albert,Douai,119
OCESN435194R0100134618,Amiens,Douai,164
OCESN435214R0400434638,Albert,Arras,62
OCESN437027R0100134687,Dunkerque,Lille Flandres,150
OCESN438001R0300334690,Caen,Cherbourg,174
OCESN438003R0200234693,Evreux,Normandie,84
OCESN439451R0200234695,Le Mans,Tours,133
OCESN441002R0300334697,Amiens,Rouen-Rive-Droite,186
OCESN444500R0100134700,La Roche-sur-Yon,La Rochelle-Ville,120
OCESN444512R0100134707,Angers-St-Laud,Sablé-sur-Sarthe,83
OCESN444514R0100134709,Le Mans,Nogent-le-Rotrou,95
OCESN444518R0100134712,Connerré-Beillé,Le Mans,50
OCESN444520R0100134713,Laval,Le Mans,135
OCESN444528R0100134718,Angers-St-Laud,Saumur,95
OCESN444531R0100134721,Angers-St-Laud,Cholet,100
OCESN447026R0200234731,Beauvais-Gare-SNCF,Persan-Beaumont,90
OCESN447138R0300334736,Tergnier,Laon-Gare-Routière-Poma,67
OCESN447142R0300334737,Amiens,Tergnier,159
OCESN447172R0200234750,Amiens,St Quentin,93
OCESN447222R0500534757,Creil,Laon,171
OCESN447224R0300334758,Creil,Laon-Gare-Routière-Poma,200
OCESN447331R0700734760,St Quentin,Tergnier,28
OCESN447526R0200234793,Creil,St-Just-SNCF,56
OCESN447528R0400434794,Amiens,St-Just-SNCF,87
OCESN447573R0400434832,Amiens,Creil,95
OCESN447580R0300334841,Abancourt,Le Tréport-Mers-Les-B,83
OCESN450226R0200234881,Angoulême,Poitiers,158
OCESN451200R0200234895,La Rochelle-Ville,Saintes,98
OCESN451202R0200234897,La-Rochelle-Pt-Dauphine,Rochefort,64
OCESN451203R0200234898,La Rochelle-Ville,St-Mariens-St-Yzan,184
OCESN451204R0400434899,La Rochelle-Ville,La-Rochelle-Pt-Dauphine,9
OCESN451208R0100134905,La-Rochelle-Pt-Dauphine,Saintes,133
OCESN451462R0100134908,Niort,Saintes,95
OCESN451467R0100134909,Niort,Royan,139
OCESN451508R0100134910,Angoulême,Saintes,98
OCESN451509R0200234911,Angoulême,Royan,145
OCESN453001R0200234916,Breil-sur-Roya,Tende,40
OCESN453005R0200234920,Cannes,Grasse,50
OCESN453006R0200234921,Marseille-St-Charles,Toulon,125
OCESN453008R0300334923,Les Arcs-Draguignan,St-Raphaël-Valescure,30
OCESN453012R0200234927,Nice-Ville,Sospel,65
OCESN453014R0200234929,Nice-Ville,Touet-de-l'Escarène,65
OCESN453030R0200234937,Avignon-Centre,Miramas,100
OCESN454000R0100134938,Aix-Gare-Routière,Marseille-St-Charles,55
OCESN454001R0100134939,Aix-Gare-Routière,Gardanne,20
OCESN454005R0100134943,Marseille-St-Charles,Sisteron,175
OCESN454006R0100134944,Marseille-St-Charles,Martigues,70
OCESN456000R0100134946,Roanne-Gare-Routière,Saint-Etienne-Chtx GR,119
OCESN457402R0100134962,Lyon-Perrache-Gare-Rout,Roanne-Gare-Routière,142
OCESN460400R0100134969,Clelles-Mens,Veynes-Dévoluy,56
OCESN460401R0100134970,Gap,Veynes-Dévoluy,30
OCESN461008R0100134982,La Roche-sur-Foron,St-Gervais-L-B-Le-Fayet,108
OCESN461102R0200234992,Annecy,La Roche-sur-Foron,55
OCESN464001R0100135035,Chedde,St-Gervais-L-B-Le-Fayet,10
OCESN830103F0300335081,Sarrebourg,Strasbourg,59
OCESN830200F0200235157,Krimmeri-Meinau,Strasbourg,7
OCESN830300F0400435159,Metz-Ville,Strasbourg,86
OCESN830502F0300335258,Strasbourg,Wissembourg,58
OCESN830917F1201235539,Krimmeri-Meinau,Sarreguemines,92
OCESN831318F0200235610,Colmar,Strasbourg,53
OCESN831720F0200235851,Obernai,Strasbourg,31
OCESN831807F0200236003,St-Dié-des-Vosges,Strasbourg,112
OCESN832300F0300336086,Mulhouse,Strasbourg,61
OCESN832303F0300336094,Erstein,Mulhouse,53
OCESN832308F2902936107,Mulhouse,Sélestat,40
OCESN832500F0200236292,Lutterbach Tram-train,Mulhouse-Gare-Centrale,19
OCESN832602F0200236303,Mulhouse-Gare-Centrale,Thann-Saint-Jacques,46
OCESN832604F0200236305,Mulhouse-Gare-Centrale,Thann,41
OCESN832760F0300336438,Mulhouse,Thann-Saint-Jacques,32
OCESN832765F0200236444,Mulhouse,Willer-sur-Thur,36
OCESN832766F0400436448,Mulhouse,Thann,26
OCESN832771F0400436455,Mulhouse,Wesserling,47
OCESN832901F0300336568,Niederbronn,Strasbourg,53
OCESN833203F0800836633,Conflans-Jarny,Nancy-Ville,51
OCESN833308F0200236650,Longuyon,Thionville,39
OCESN833341F0200236653,Longwy,Thionville,55
OCESN833602F0400436749,Bar-le-Duc,Lunéville,98
OCESN833606F0700736755,Lunéville,Revigny,108
OCESN833618F1101136781,Epernay,Nancy-Ville,123
OCESN833618F1601636779,Epernay,Lunéville,165
OCESN833652F0300336809,Epernay,Metz-Ville,117
OCESN833661F0500536810,Lunéville,Toul,68
OCESN834010F0800836812,Epinal,Metz-Ville,120
OCESN834026F0600636832,Metz-Ville,Remiremont,135
OCESN834351F0200236965,Metz-Ville,Sarrebourg,62
OCESN834850F0100137008,Metz-Ville,Sarreguemines,62
OCESN835010F0600637052,Nancy-Ville,Strasbourg,89
OCESN835014F1001037069,Lunéville,Strasbourg,67
OCESN835190F0400437220,Lunéville,Metz-Ville,73
OCESN836352F0500537458,Nancy-Ville,Toul,23
OCESN836402F0100137486,Culmont-Chalindrey,Vittel,49
OCESN836404F1201237491,Paris-Est,Vittel,230
OCESN838232F0400437701,Charleville-Mézières,Longuyon,60
OCESN838234F0400437707,Charleville-Mézières,Thionville,96
OCESN838340F0100137763,Champagne-Ardenne,Charleville-Mézières,71
OCESN838342F0500537769,Champagne-Ardenne,Reims,12
OCESN838501F0400437819,Château-Thierry,Reims,66
OCESN839101F0100137930,Bar-le-Duc,Paris-Est,150
OCESN839101F0300337926,Château-Thierry,Paris-Est,53
OCESN839101F1001037925,Bar-le-Duc,Château-Thierry,95
OCESN839106F1601637950,Châlons-en-Champagne,Paris-Est,101
OCESN839106F1701737957,Paris-Est,St-Dizier,140
OCESN839106F2002037956,Epernay,Paris-Est,84
OCESN839130F0600638014,Château-Thierry,St-Dizier,85
OCESN839131F1001038023,Paris-Est,Strasbourg,359
OCESN839162F0500538088,Paris-Est,Sarrebourg,270
OCESN839163F0200238094,Nancy-Ville,Paris-Est,199
OCESN839163F0700738097,Bar-le-Duc,Strasbourg,158
OCESN839400F0600638175,Paris-Est,Troyes,90
OCESN839412F0300338207,Culmont-Chalindrey,Paris-Est,188
OCESN839501F2102138232,Chaumont,Culmont-Chalindrey,33
OCESN839505F2202238265,Chaumont,Paris-Est,145
OCESN839550F5505538288,Mulhouse,Paris-Est,294
OCESN839550F6106138292,Mulhouse,Troyes,182
OCESN839552F3203238324,Chaumont,Mulhouse,137
OCESN839553F4704738345,Belfort-Ville,Paris-Est,247
OCESN839555F5005038379,Belfort-Ville,Troyes,163
OCESN839556F5205238394,Longueville (S.-et-M.),Mulhouse,234
OCESN839558F3103138444,Belfort-Ville,Chaumont,105
OCESN839584F2302338502,Dijon-Ville,Paris-Est,223
OCESN839591F0300338525,Culmont-Chalindrey,Dijon-Ville,46
OCESN839660F0200238611,Châlons-en-Champagne,Reims,44
OCESN839710F0100138643,Reims,St-Dizier,93
OCESN839800F0100138647,Culmont-Chalindrey,Reims,171
OCESN839801F0100138650,Chaumont,Reims,130
OCESN839802F0300338652,Culmont-Chalindrey,St-Dizier,89
OCESN839831F0100138699,Dijon-Ville,Reims,216
OCESN839831F0400438700,Dijon-Ville,St-Dizier,128
OCESN839900F0300338718,Epernay,Reims,35
OCESN840800F0400438804,Champagne-Ardenne,Sedan,105
OCESN841500F0200239125,Aulnoye Aymeries,Valenciennes,29
OCESN841500F0300339127,Maubeuge,Valenciennes,42
OCESN841600F0300339165,Hirson,Valenciennes,90
OCESN841700F0100139198,Busigny,Maubeuge,36
OCESN841702F0200239200,Aulnoye Aymeries,Tergnier,71
OCESN841704F0200239202,Aulnoye Aymeries,St Quentin,48
OCESN841800F0700739230,Lille Flandres,Maubeuge,72
OCESN841800F0800839231,Aulnoye Aymeries,Lille Flandres,60
OCESN841802F0200239236,Jeumont,Lille Flandres,81
OCESN841900F1201239356,Hirson,Lille Flandres,108
OCESN841904F0800839366,Charleville-Mézières,Lille Flandres,146
OCESN842401F0200239532,Béthune,Lille Flandres,39
OCESN842600F0200239604,Calais Ville,Rang du Fl. Verton Ber.,68
OCESN842606F0100139608,Calais Ville,Etaples Le Touquet,62
OCESN843300F0100139861,Cambrai Ville,Douai,34
OCESN843500F0300339917,Douai,Valenciennes,38
OCESN843600F0100139940,Douai,Lens,31
OCESN843800F0300340024,Lille Flandres,St Quentin,107
OCESN843818F0400440034,Cambrai Ville,Lille Flandres,59
OCESN843841F0200240067,Douai,St Quentin,93
OCESN844051F0200240199,Lille Flandres,Tourcoing,14
OCESN844400F0100140255,Boulogne Ville,Lille Europe,72
OCESN844400F0200240254,Calais Ville,Lille Europe,49
OCESN844401F0300340256,Arras,Calais Fréthun,67
OCESN844402F0100140258,Lille Europe,Rang du Fl. Verton Ber.,94
OCESN844404F0100140260,Calais Fréthun,Lille Europe,29
OCESN844500F0200240278,Dunkerque,Lille Europe,31
OCESN844550F0100140299,Amiens,Dunkerque,104
OCESN844600F0300340301,Calais Ville,Dunkerque,50
OCESN844702F0100140321,Dunkerque,Hazebrouck,36
OCESN844800F0300340323,Lille Flandres,St Omer,50
OCESN844810F0400440327,Calais Ville,Lille Flandres,75
OCESN846400F0300340446,Arras,Hazebrouck,58
OCESN846411F0200240449,Arras,Dunkerque,93
OCESN846432F0200240474,Arras,Béthune,36
OCESN846435F0300340477,Hazebrouck,Lens,42
OCESN846449F0400440507,Béthune,Lens,17
OCESN846540F0100140528,Arras,Calais Ville,123
OCESN846607F0200240545,Hirson,Laon,51
OCESN847401F0300340552,Beauvais-Gare-SNCF,Paris Gare du Nord,73
OCESN847405F1901940554,Paris Gare du Nord,Persan-Beaumont,63
OCESN847463F0100140680,Creil,Paris Gare du Nord,21
OCESN847500F0200240694,Abancourt,Creil,103
OCESN847502F0300340696,Abancourt,Beauvais-Gare-SNCF,48
OCESN847802F0100140821,Compiègne,Paris Gare du Nord,56
OCESN847877F0200240926,Compiègne,Creil,37
OCESN847933F2102141026,Paris Gare du Nord,Tergnier,88
OCESN847947F0200241054,Creil,St Quentin,104
OCESN848348F0100141087,Abbeville,Albert,80
OCESN848410F0300341123,Amiens,Compiègne,60
OCESN848501F0200241178,Paris Gare du Nord,St-Just-SNCF,64
OCESN848527F0400441270,Clermont-de-l'Oise,Paris Gare du Nord,50
OCESN848601F0600641435,Amiens,Laon,84
OCESN848603F0200241437,Laon,Tergnier,26
OCESN848904F0700741615,Lille Flandres,Rouen-Rive-Droite,168
OCESN848979F0100141662,Abancourt,Amiens,35
OCESN849300F0400441671,Aulnoye Aymeries,Laon,111
OCESN849900F0800841766,Laon,Paris Gare du Nord,90
OCESN849901F0300341767,Crépy-en-Valois,Laon,69
OCESN850016F0200241928,Paris-St-Lazare,Vernon-Giverny,60
OCESN850021F0200241936,Oissel,Paris-St-Lazare,94
OCESN850032F0200241937,Mantes-la-Jolie,Vernon-Giverny,17
OCESN850200F0100141957,Le Havre,Montivilliers,15
OCESN850250F0200241998,Le Havre,Rolleville,26
OCESN850302F0100142015,Fécamp,Le Havre,46
OCESN850400F0100142047,Le Havre,Rouen-Rive-Droite,61
OCESN850600F0100142071,Elbeuf-St-Aubin,Yvetot,63
OCESN850670F0200242112,Rouen-Rive-Droite,Yvetot,34
OCESN851001F0100142116,Evreux,Normandie,69
OCESN851020F0100142181,Paris-St-Lazare,Serquigny,105
OCESN851072F0100142240,Bueil,Mantes-la-Jolie,15
OCESN851700F0100142346,Dieppe,Rouen-Rive-Droite,63
OCESN852313F0100142557,Evreux,Normandie,52
OCESN852331F0400442564,Caen,Lisieux,33
OCESN852610F0100142760,Caen,Coutances,75
OCESN852712F0300342815,Caen,St-Lô,51
OCESN852808F0500542822,Caen,Dol,167
OCESN852826F0200242830,Dol,Granville,59
OCESN853016F0400442857,Argentan,Granville,83
OCESN853412F0200242859,Caen,Granville,103
OCESN853602F0200242937,Alençon,Caen,71
OCESN853707F0400442957,Argentan,Caen,40
OCESN854007F0300342962,Rennes,Retiers,42
OCESN854008F0300342963,Janzé,Rennes,36
OCESN854197F0400442993,Dol,Rennes,33
OCESN854207F0500542994,Montreuil-sur-Ille,Rennes,30
OCESN854300F0400443020,Rennes,St-Malo,55
OCESN854610F0200243101,Lannion,Plouaret-Trégor,16
OCESN855303F0200243328,Callac,Carhaix,26
OCESN855347F0200243349,Callac,Guingamp,41
OCESN855402F0200243370,Guingamp,Paimpol,47
OCESN855504F0200243397,La Brohinière,Rennes,32
OCESN855781F0200243600,Brest,Lannion,91
OCESN855806F0400443615,Brest,Rennes,139
OCESN856595F0400443896,Quimper,Vannes,86
OCESN856608F0200243897,Quimper,Rennes,141
OCESN857051F0200243996,Château-du-Loir,Le Mans,50
OCESN857150F0200244042,Alençon,Le Mans,53
OCESN857233F0400444058,Alençon,Tours,145
OCESN857274F0200244064,Alençon,Château-du-Loir,106
OCESN857301F0500544067,Le Mans,Nantes,94
OCESN857301F0700744068,Angers-St-Laud,Nantes,43
OCESN857375F0400444145,Le Croisic,Le Mans,177
OCESN857404F0200244151,Angers-St-Laud,Le Mans,66
OCESN857446F0100144211,Le Mans,Sablé-sur-Sarthe,22
OCESN857653F0200244305,Laval,Rennes,55
OCESN857690F0200244322,Le Mans,Rennes,103
OCESN857704F0800844332,Laval,Nantes,101
OCESN857773F0800844388,Le Croisic,Rennes,222
OCESN858003F0200244403,Nantes,St-Nazaire,51
OCESN858050F0200244427,Le Croisic,Nantes,74
OCESN858202F0400444476,Nantes,Redon,58
OCESN858244F0200244510,Nantes,Quimper,174
OCESN858284F0200244568,Brest,Nantes,203
OCESN858402F0200244643,Nantes,Savenay,34
OCESN858703F0300344670,Nantes,Saumur,86
OCESN858798F0200244675,Cholet,Saumur,85
OCESN858800F0500544676,La Roche-sur-Yon,Nantes,55
OCESN858850F0700744697,Les Sables-d'Olonne,Nantes,87
OCESN859070F0200244785,Chantonnay,La Roche-sur-Yon,31
OCESN859083F0200244796,Les Sables-d'Olonne,Saumur,158
OCESN859198F0100144855,Nantes,Ste-Pazanne,32
OCESN859252F0200244877,Nantes,Pornic,60
OCESN859405F0300344948,Ancenis,Nantes,28
OCESN859500F0200244971,Nantes,Sucé-Sur-Erdre,27
OCESN859501F0200244972,Nantes,Nort-sur-Erdre,40
OCESN859600F0200245047,Châteaubriant-TT,Nantes,67
OCESN859745F0100145095,Clisson,Nantes,29
OCESN860001F0300345164,Nantes,Orléans,170
OCESN860003F1301345174,Le Croisic,Orléans,258
OCESN860003F2102145170,Le Croisic,Tours,190
OCESN860013F0800845188,Nantes,Tours,93
OCESN860109F0200245198,Angers-St-Laud,Tours,78
OCESN860129F0200245215,Saumur,Tours,51
OCESN860158F0100145225,Thouars,Tours,78
OCESN860171F0100145235,Bressuire,Tours,103
OCESN860190F0200245245,Angers-St-Laud,Thouars,68
OCESN860252F0400445259,Blois-Chambord,Orléans,49
OCESN860297F0100145275,Orléans,St-Pierre-des-Corps,58
OCESN860366F0300345299,Reignac,Tours,45
OCESN860600F0200245368,Paris-Austerlitz,Vendôme,139
OCESN860604F0200245369,Châteaudun,Paris-Austerlitz,95
OCESN860610F0500545374,Châteaudun,Paris-Gare-de-Lyon,97
OCESN860611F0700745377,Paris-Gare-de-Lyon,Vendôme,132
OCESN860616F0600645387,Paris-Bercy,Vendôme,149
OCESN860632F0200245401,Châteaudun,Voves,21
OCESN860653F0200245410,Tours,Voves,137
OCESN860701F0200245425,Bléré-la-Croix,Tours,28
OCESN860716F0400445435,St-Aignan-Noyers,Tours,57
OCESN860733F0600645446,Tours,Vierzon,87
OCESN860800F0300345460,Bourges,Tours,110
OCESN860840F0400445478,Nevers,Tours,146
OCESN860988F0100145504,Saumur,Thouars,30
OCESN861111F0500545516,Montluçon-Ville,Vallon-en-Sully,31
OCESN861112F0500545519,Commentry,Vallon-en-Sully,47
OCESN861112F0600645518,Commentry,St-Amand-Montrond-Orval,98
OCESN861116F0500545525,Bourges,Commentry,121
OCESN861290F0200245558,Salbris,Valençay,87
OCESN861302F0200245560,Bourges,Orléans,73
OCESN861304F0400445562,Orléans,Vierzon,51
OCESN861363F0800845597,Nevers,Orléans,132
OCESN861391F1701745615,Nevers,Vierzon,69
OCESN861404F0500545624,Argenton-sur-Creuse,Orléans,117
OCESN861410F0700745625,Châteauroux,Orléans,95
OCESN861430F0100145665,Limoges-Bénédictins,Orléans,203
OCESN861452F0100145681,Limoges-Bénédictins,Vierzon,129
OCESN861464F0800845697,Argenton-sur-Creuse,Limoges-Bénédictins,74
OCESN862303F0200245752,Chartres,Voves,23
OCESN862531F0300345943,Angers-St-Laud,Chartres,163
OCESN863031F0200245966,Poitiers,Tours,74
OCESN863442F0100146049,Niort,Poitiers,59
OCESN863442F0200246048,La Rochelle-Ville,Poitiers,100
OCESN863466F0100146088,La Rochelle-Ville,Niort,44
OCESN863720F0200246099,La Roche-sur-Yon,Tours,199
OCESN864000F0100146109,La Rochelle-Ville,Rochefort,30
OCESN864200F0200246146,Bordeaux-St-Jean,Saintes,99
OCESN864322F0100146152,Royan,Saintes,26
OCESN864622F0100146207,Angoulême,La-Rochelle-Pt-Dauphine,138
OCESN864623F0300346208,Angoulême,La Rochelle-Ville,126
OCESN864800F0200246244,Bordeaux-St-Jean,La-Rochelle-Pt-Dauphine,164
OCESN864801F0100146250,Bordeaux-St-Jean,La Rochelle-Ville,162
OCESN865010F0400446288,Angoulême,Bordeaux-St-Jean,89
OCESN865040F0400446302,Bordeaux-St-Jean,Libourne,35
OCESN865060F0300346320,Angoulême,Coutras,55
OCESN865071F0400446323,Bordeaux-St-Jean,Coutras,47
OCESN865101F0100146345,Bordeaux-St-Jean,St-Mariens-St-Yzan,43
OCESN865202F0100146375,Bordeaux-St-Jean,Brive-la-Gaillarde,143
OCESN865202F0400446374,Bordeaux-St-Jean,Périgueux,82
OCESN865202F0600646373,Bordeaux-St-Jean,Condat-le-Lardin,121
OCESN865250F0300346387,Bordeaux-St-Jean,Tulle,193
OCESN865411F0300346422,Condat-le-Lardin,Périgueux,34
OCESN865450F0200246451,Mussidan,Périgueux,30
OCESN865550F0200246458,Bordeaux-St-Jean,Limoges-Bénédictins,145
OCESN865601F0200246483,Bergerac,Bordeaux-St-Jean,76
OCESN865702F0100146517,Bordeaux-St-Jean,Sarlat,144
OCESN865706F0400446519,Bordeaux-St-Jean,Le Buisson,110
OCESN865800F0100146551,Le Buisson,Périgueux,53
OCESN865818F0100146562,Agen,Limoges-Bénédictins,216
OCESN865820F0200246565,Monsempron-Libos,Périgueux,104
OCESN866021F0500546607,Bordeaux-St-Jean,Morcenx,60
OCESN866102F0300346631,Bordeaux-St-Jean,Pauillac,59
OCESN866104F0300346633,Lesparre,Pessac,72
OCESN866171F0200246664,Bordeaux-St-Jean,Macau,41
OCESN866173F0200246665,Macau,Pessac,34
OCESN866300F0200246689,Arcachon,Bordeaux-St-Jean,52
OCESN866323F0700746709,Biganos-Facture,Bordeaux-St-Jean,29
OCESN866411F0400446745,Bordeaux-St-Jean,Hendaye,178
OCESN866506F0200246772,Bayonne,Dax,44
OCESN866516F0300346778,Bayonne,Hendaye,37
OCESN866832F0200246845,Agen,Marmande,36
OCESN866860F0300346854,Bordeaux-St-Jean,Marmande,67
OCESN866882F0300346861,Agen,Langon,69
OCESN867002F0400446865,Bayonne,Tarbes,145
OCESN867168F0100146889,Bordeaux-St-Jean,Pau,132
OCESN867180F0300346891,Bordeaux-St-Jean,Tarbes,188
OCESN867212F0300346894,Bordeaux-St-Jean,Lourdes,174
OCESN868003F0500546986,Le Dorat,Poitiers,60
OCESN868101F0100147043,Limoges-Bénédictins,St-Junien,38
OCESN868301F0100147111,Limoges-Bénédictins,St-Yrieix-la-Perche,39
OCESN868650F0100147258,Eymoutiers-Vassiviere,Limoges-Bénédictins,45
OCESN868701F0100147264,Limoges-Bénédictins,Montluçon-Ville,131
OCESN868710F0100147271,Felletin-Gare,Guéret,52
OCESN868800F0200247299,Bordeaux-St-Jean,Montluçon-Ville,259
OCESN868800F0700747298,Bordeaux-St-Jean,Guéret,208
OCESN868812F0100147316,Bordeaux-St-Jean,Ussel,262
OCESN868819F0100147320,Périgueux,Ussel,169
OCESN869001F1001047334,La Souterraine,Limoges-Bénédictins,47
OCESN869010F0100147342,Châteauroux,Limoges-Bénédictins,86
OCESN870000F0200247406,Rodez,Toulouse-Matabiau,137
OCESN870003F0700747411,Carmaux,Toulouse-Matabiau,76
OCESN870150F0900947472,Brive-la-Gaillarde,Rodez,145
OCESN870321F0400447545,Colomiers,Toulouse-Matabiau,22
OCESN870405F0800847554,L'Isle-Jourdain (Gers),Saint-Cyprien-Arènes,33
OCESN870500F0200247569,Colomiers,Saint-Cyprien-Arènes,13
OCESN870604F0300347622,Carcassonne,Toulouse-Matabiau,74
OCESN871201F0300347639,Capdenac,Toulouse-Matabiau,137
OCESN871202F0600647641,Tessonnières,Toulouse-Matabiau,53
OCESN871206F0700747650,Aurillac,Clermont-Ferrand,152
OCESN871209F0900947657,Arvant,Clermont-Ferrand,47
OCESN871405F0700747674,Pamiers,Toulouse-Matabiau,57
OCESN871470F0400447721,Latour-de-Carol-Enveitg,Toulouse-Matabiau,174
OCESN871470F0700747720,Foix,Latour-de-Carol-Enveitg,105
OCESN871600F0500547750,Brive-la-Gaillarde,Toulouse-Matabiau,147
OCESN871601F0100147754,Cahors,Toulouse-Matabiau,74
OCESN871604F0300347759,Montauban-Ville-Bourbon,Toulouse-Matabiau,43
OCESN871608F0400447764,Brive-la-Gaillarde,Cahors,66
OCESN871800F0300347799,Agen,Toulouse-Matabiau,81
OCESN872404F0600647877,St-Sulpice (Tarn),Toulouse-Matabiau,24
OCESN872600F0500547912,Muret,Toulouse-Matabiau,19
OCESN872602F0800847916,Boussens,Toulouse-Matabiau,58
OCESN872613F0700747941,Montréjeau-Gourdan-Pol.,Toulouse-Matabiau,86
OCESN872701F1901947979,Tarbes,Toulouse-Matabiau,109
OCESN873245F0200248171,Clermont-Ferrand,Durtol-Nohanent,13
OCESN873351F0900948230,Clermont-Ferrand,St-Germain-des-Fossés,40
OCESN873352F0500548231,Clermont-Ferrand,Nevers,106
OCESN873600F0200248257,Clermont-Ferrand,Vic-le-Comte,21
OCESN873650F0800848273,Brioude,Clermont-Ferrand,67
OCESN873664F0500548280,Clermont-Ferrand,Issoire,40
OCESN873813F0200248332,Clermont-Ferrand,Le Lioran,111
OCESN873921F0400448351,Brive-la-Gaillarde,Neussargues,168
OCESN873990F0300348362,Clermont-Ferrand,Nîmes,307
OCESN874002F1201248372,Nevers,Vic-le-Comte,124
OCESN874002F1901948373,Moulins-sur-Allier,Vic-le-Comte,92
OCESN874009F0900948388,St-Germain-des-Fossés,Vic-le-Comte,66
OCESN874108F0500548392,Issoire,Moulins-sur-Allier,113
OCESN874110F0400448395,Issoire,Riom-Châtel-Guyon,57
OCESN874111F0300348396,Riom-Châtel-Guyon,Vic-le-Comte,38
OCESN874123F0400448401,Issoire,St-Germain-des-Fossés,88
OCESN874130F0500548407,Gannat,Issoire,81
OCESN874131F0500548409,Gannat,Vic-le-Comte,66
OCESN874210F0300348410,Brioude,Gannat,100
OCESN874221F0800848412,Brioude,Moulins-sur-Allier,149
OCESN875500F1101148421,Clermont-Ferrand,Dijon-Ville,260
OCESN875500F1801848422,Dijon-Ville,Moulins-sur-Allier,178
OCESN875700F0900948434,Clermont-Ferrand,Lyon-Perrache,171
OCESN876100F0200248467,Narbonne,Perpignan,46
OCESN876102F0300348469,Lunel,Narbonne,100
OCESN876108F0200248476,Montpellier-Saint-Roch,Narbonne,71
OCESN876119F0200248477,Cerbère,Narbonne,87
OCESN876121F0200248480,Montpellier-Saint-Roch,Perpignan,130
OCESN876204F0500548493,Nîmes,Toulouse-Matabiau,210
OCESN876204F0800848490,Montpellier-Saint-Roch,Toulouse-Matabiau,176
OCESN876216F0200248506,Carcassonne,Narbonne,36
OCESN876224F0100148510,Carcassonne,Nîmes,140
OCESN876250F0700748513,Perpignan,Toulouse-Matabiau,154
OCESN876252F0300348519,Cerbère,Toulouse-Matabiau,199
OCESN876254F0100148527,Carcassonne,Perpignan,91
OCESN876301F1301348553,Avignon-Centre,Sète,109
OCESN876301F1401448555,Montpellier-Saint-Roch,Nîmes,43
OCESN876302F0600648557,Avignon-Centre,Montpellier-Saint-Roch,76
OCESN876304F1501548566,Avignon-Centre,Narbonne,144
OCESN876309F0400448572,Nîmes,Sète,66
OCESN876330F0400448600,Lunel,Sète,54
OCESN876334F0100148601,Montpellier-Saint-Roch,Sète,23
OCESN876335F0200248602,Lunel,Montpellier-Saint-Roch,20
OCESN876400F0300348616,Avignon-Centre,Nîmes,37
OCESN876401F0900948621,Nîmes,Perpignan,160
OCESN876405F2202248643,Narbonne,Nîmes,98
OCESN876406F1001048646,Cerbère,Nîmes,197
OCESN876407F0400448657,Avignon-Centre,Perpignan,196
OCESN876408F2502548664,Avignon-Centre,Cerbère,238
OCESN876530F0900948772,Béziers,Marseille-St-Charles,171
OCESN876532F2102148779,Marseille-St-Charles,Narbonne,188
OCESN876542F3003048800,Marseille-St-Charles,Montpellier-Saint-Roch,119
OCESN876604F0700748840,Cerbère,Montpellier-Saint-Roch,154
OCESN877500F0400448869,Génolhac,Nîmes,77
OCESN877527F0600648902,La Bastide-St-Laurent,Nîmes,114
OCESN877550F0600648916,Nîmes,Vauvert,24
OCESN878950F0500548989,Béziers,St-Chély-d'Apcher,244
OCESN878950F0700748990,Béziers,Millau,117
OCESN878956F0200248993,Millau,St-Chély-d'Apcher,111
OCESN878969F0400449003,Montpellier-Saint-Roch,St-Chély-d'Apcher,297
OCESN879102F0300349012,Marseille-St-Charles,Miramas,33
OCESN879218F0200249021,Avignon-Centre,Orange,26
OCESN879301F0200249023,Avignon-Centre,Avignon-TGV,5
OCESN879302F0200249024,Avignon-Centre,Carpentras,28
OCESN879305F0200249030,Avignon-TGV,Carpentras,41
OCESN879606F1001049186,Avignon-TGV,Marseille-St-Charles,133
OCESN879660F0100149261,Cavaillon,Marseille-St-Charles,70
OCESN880106F0500549348,Gardanne,Marseille-St-Charles,36
OCESN880670F0200249467,Aix-en-Provence,Manosque-Gréoux,45
OCESN880671F0300349469,Manosque-Gréoux,Marseille-St-Charles,95
OCESN881005F0400449474,Aubagne,Marseille-St-Charles,31
OCESN881060F0300349503,Aubagne,Marseille-Blancarde,22
OCESN881106F0100149530,Cannes,Menton,69
OCESN881139F0200249555,Antibes,Grasse,41
OCESN881251F0300349560,Cannes,Les Arcs-Draguignan,55
OCESN881270F0200249568,Cannes,St-Raphaël-Valescure,38
OCESN881600F0100149625,Hyères,Marseille-St-Charles,84
OCESN881646F0500549709,Hyères,Toulon,21
OCESN881652F0300349716,Les Arcs-Draguignan,Toulon,60
OCESN881669F0500549733,Carnoules,Toulon,31
OCESN881751F0500549749,Marseille-St-Charles,Menton,205
OCESN882103F0200249751,Ambérieu-en-Bugey,Mâcon-Ville,54
OCESN882106F0200249754,Ambérieu-en-Bugey,Bourg-en-Bresse,23
OCESN882110F0200249756,Bourg-en-Bresse,Mâcon-Ville,29
OCESN883103F0400449775,Chambéry-Chal.-les-Eaux,Moûtiers-Salins-Brides,80
OCESN883115F0400449778,Aix-les-Bains-le-Revard,Bourg-St-Maurice,129
OCESN883600F0200249926,Ambérieu-en-Bugey,Chambéry-Chal.-les-Eaux,73
OCESN883701F0200249938,Chambéry-Chal.-les-Eaux,Grenoble,53
OCESN884117F0300349977,Annecy,St-Gervais-L-B-Le-Fayet,97
OCESN884608F0700750018,Bellegarde-s-V. Gare,La Roche-sur-Foron,65
OCESN885100F0300350078,Grenoble U.-Gières,Valence-Ville,97
OCESN885103F0200250079,Grenoble U.-Gières,St-Marcellin,53
OCESN885104F0200250080,St-Marcellin,Valence-Ville,39
OCESN885111F0200250083,Grenoble,St-Marcellin,40
OCESN885401F0500550114,Grenoble U.-Gières,Rives,43
OCESN885409F0200250117,Grenoble U.-Gières,St-André-le-Gaz,69
OCESN885413F0400450120,Grenoble,St-André-le-Gaz,62
OCESN885456F0400450135,Grenoble,Rives,30
OCESN885601F0200250144,Gap,Grenoble,181
OCESN885601F0300350143,Clelles-Mens,Grenoble,71
OCESN885605F0600650145,Grenoble,Veynes-Dévoluy,134
OCESN885735F0600650201,Chambéry-Chal.-les-Eaux,Rives,90
OCESN886003F0300350227,Lyon-Part-Dieu,Mâcon-Ville,62
OCESN886007F0300350228,Lyon-Perrache,Mâcon-Ville,60
OCESN886102F0200250248,Lyon-Perrache,Valence-Ville,70
OCESN886105F0200250254,Lyon-Part-Dieu,Valence-Ville,71
OCESN886111F0300350266,Mâcon-Ville,Valence-Ville,138
OCESN886170F0500550345,Marseille-St-Charles,Valence-Ville,145
OCESN886172F0400450353,Mâcon-Ville,Pierrelatte,189
OCESN886174F0700750356,Avignon-Centre,Mâcon-Ville,235
OCESN886175F0700750362,Avignon-Centre,Valence-Ville,89
OCESN886176F0600650366,Avignon-Centre,Lyon-Perrache,168
OCESN886201F0600650414,Firminy,Lyon-Perrache,82
OCESN886201F1001050412,Firminy,St-Etienne-Châteaucreux,22
OCESN886233F0700750473,Lyon-Perrache,St-Etienne-Châteaucreux,55
OCESN886295F0200250552,Givors-Ville,Lyon-Perrache,25
OCESN886401F0200250553,Bourg-en-Bresse,Oyonnax,53
OCESN886407F0600650559,Lyon-Perrache,Oyonnax,130
OCESN886415F0100150564,Bourg-en-Bresse,Lyon-Perrache,65
OCESN886461F0200250566,Bourg-en-Bresse,Lyon-Part-Dieu,42
OCESN886602F0100150569,Lyon-Perrache,Roanne,89
OCESN886700F0500550628,Ambérieu-en-Bugey,St-Etienne-Châteaucreux,97
OCESN886702F0800850635,Ambérieu-en-Bugey,Givors-Ville,64
OCESN886710F0800850648,Lyon-Part-Dieu,St-Etienne-Châteaucreux,46
OCESN886710F1501550647,Givors-Ville,Lyon-Part-Dieu,17
OCESN886726F0900950677,Ambérieu-en-Bugey,Lyon-Part-Dieu,41
OCESN886900F0200250872,Roanne,St-Etienne-Châteaucreux,73
OCESN887101F0200250909,Lyon-Perrache,Vienne,34
OCESN887102F0200250910,Vienne,Villefranche-sur-Saône,74
OCESN887103F0300350911,Mâcon-Ville,Vienne,98
OCESN887103F0400450912,Lyon-Perrache,Villefranche-sur-Saône,36
OCESN887300F0400450987,Lyon-Perrache,St-André-le-Gaz,56
OCESN887302F0400450989,Bourgoin-Jallieu,Lyon-Perrache,37
OCESN889200F0300351037,Die,Romans-Bourg-de-Péage,83
OCESN889409F1001051050,Lyon-Perrache,Sathonay-Rillieux,19
OCESN889901F0200251142,Montbrison,St-Etienne-Châteaucreux,40
OCESN889905F0200251146,Boën,St-Etienne-Châteaucreux,53
OCESN889950F0200251173,Le Puy-en-Velay,St-Etienne-Châteaucreux,113
OCESN889990F0200251219,Bas-Monistrol,St-Etienne-Châteaucreux,55
OCESN890000F0200251226,Lyon-St-Paul,Sain-Bel,42
OCESN890004F0200251230,L'Arbresle,Lyon-St-Paul,37
OCESN890200F0200251308,Lozanne,Tassin,25
OCESN890300F0200251328,Brignais,Lyon-St-Paul,25
OCESN891000F0800851371,Laroche-Migennes,Paris-Gare-de-Lyon,125
OCESN891003F1001051378,Montereau,Paris-Gare-de-Lyon,57
OCESN891024F0400451438,Laroche-Migennes,Paris-Bercy,124
OCESN891200F0900951550,Corbigny,Paris-Bercy,213
OCESN891200F2202251554,Corbigny,Paris-Gare-de-Lyon,215
OCESN891204F1201251557,Auxerre-St-Gervais,Paris-Bercy,105
OCESN891204F2002051567,Clamecy,Paris-Bercy,165
OCESN891204F2702751556,Clamecy,Paris-Gare-de-Lyon,159
OCESN891206F0800851575,Avallon,Paris-Bercy,158
OCESN891206F1501551577,Avallon,Paris-Gare-de-Lyon,160
OCESN891221F0700751602,Auxerre-St-Gervais,Paris-Gare-de-Lyon,119
OCESN891350F0600651732,Auxerre-St-Gervais,Dijon-Ville,114
OCESN891400F0200251766,Chalon-sur-Saône,Dijon-Ville,43
OCESN891751F0300351843,Is-sur-Tille,Les Laumes-Alésia,76
OCESN891800F0500551854,Bourg-en-Bresse,Dijon-Ville,102
OCESN891981F0400451902,Chalon-sur-Saône,Mâcon-Ville,39
OCESN892400F0200251922,Corbigny,Laroche-Migennes,113
OCESN893003F0700751967,Dijon-Ville,Montchanin,45
OCESN893009F0900951979,Dijon-Ville,Le Creusot,53
OCESN893020F0300352003,Autun,Dijon-Ville,91
OCESN893051F0300352024,Chalon-sur-Saône,Montchanin,39
OCESN893080F0200252057,Etang,Montchanin,30
OCESN893201F0300352115,Autun,Nevers,94
OCESN893301F0200252132,Montchanin,Paray-le-Monial,43
OCESN893610F0300352155,Decize,Moulins-sur-Allier,75
OCESN893750F0200252161,Cosne-sur-Loire,Nevers,48
OCESN893760F0400452179,Cosne-sur-Loire,Decize,89
OCESN894000F0300352200,Belfort-Ville,Besançon-Viotte,71
OCESN894200F0500552239,Dijon-Ville,Dole-Ville,28
OCESN894602F0200252398,Belfort-Ville,Epinal,92
OCESN894831F0200252407,Belfort-Ville,Montbéliard-Ville,15
OCESN895000F0400452425,Delle,Meroux,17
OCESN895225F0300352479,Besançon-Mouillère,Le Valdahon,43
OCESN895302F0400452484,Besançon-Mouillère,Morteau,82
OCESN895522F0200252510,Besançon-Viotte,Saint-Claude,148
OCESN895702F0500552519,Dole-Ville,Pontarlier,75
OCESN895714F0600652522,Andelot,Dole-Ville,41
OCESN895800F0500552541,Besançon-Viotte,Lyon-Perrache,176
OCESN895800F1401452539,Lyon-Part-Dieu,Mouchard,128
OCESN895800F1701752543,Besançon-Viotte,Lyon-Part-Dieu,159
OCESN895802F0700752546,Lyon-Perrache,Mouchard,139
OCESN895819F0300352564,Besançon-Viotte,Bourg-en-Bresse,118
OCESN895820F0900952566,Belfort-Ville,Lyon-Part-Dieu,230
OCESN895820F1801852568,Belfort-Ville,Bourg-en-Bresse,186
OCESN895822F0500552575,Belfort-Ville,Lyon-Perrache,244
OCESN895830F0200252600,Lons-le-Saunier,Lyon-Perrache,103
OCESN895880F0500552634,Belfort-Ville,Lons-le-Saunier,144
OCESN895940F0200252654,Besançon-Viotte,Lons-le-Saunier,89
OCESN895942F0900952655,Bourg-en-Bresse,Mouchard,81
